stage, millis, accel_x, accel_y, accel_z, quat_w, quat_X, quat_y, quat_z, of_x, of_y
u, 6683,,,,,,,,0.00000000,0.00000000
p, 6683,-0.19717905,0.17316639,-1.95670867,0.13746142,-0.12007582,0.07810920,-0.98009163,
p, 6693,-0.19986211,0.17177302,-1.95976913,0.13660133,-0.12109691,0.07892101,-0.98002136,
p, 6703,-0.20813876,0.16792539,-1.95265532,0.13575250,-0.12205228,0.07970557,-0.97995746,
p, 6713,-0.20555559,0.16969420,-1.95339370,0.13489127,-0.12298191,0.08048010,-0.97989702,
p, 6724,-0.20675118,0.17352355,-1.95500648,0.13358994,-0.12437867,0.08161388,-0.97980386,
p, 6735,-0.20748630,0.17958862,-1.95105982,0.13252974,-0.12553993,0.08254566,-0.97972178,
p, 6746,-0.20287187,0.17483917,-1.95213819,0.13158260,-0.12658986,0.08339830,-0.97964239,
p, 6756,-0.20267037,0.18490799,-1.94523108,0.13068609,-0.12758227,0.08418791,-0.97956645,
p, 6766,-0.20932926,0.18267158,-1.94725537,0.12981097,-0.12856053,0.08498097,-0.97948670,
p, 6776,-0.21255189,0.18927433,-1.94549811,0.12869284,-0.12976643,0.08595788,-0.97938943,
u, 6784,,,,,,,,0.00000000,0.00000000
p, 6786,-0.22064820,0.19382691,-1.94960904,0.12779170,-0.13083833,0.08682447,-0.97928858,
p, 6796,-0.22259827,0.19328797,-1.95159590,0.12655014,-0.13234323,0.08805518,-0.97913641,
p, 6806,-0.21888122,0.19549042,-1.93974137,0.12553307,-0.13358662,0.08905797,-0.97900796,
p, 6817,-0.22599487,0.19545487,-1.94804299,0.12467660,-0.13470405,0.08996691,-0.97888184,
p, 6828,-0.22094575,0.19819130,-1.93884230,0.12387647,-0.13575408,0.09082404,-0.97875965,
p, 6838,-0.22252579,0.19720203,-1.95040870,0.12312149,-0.13678518,0.09166525,-0.97863328,
p, 6848,-0.22522315,0.19485345,-1.93843067,0.12241751,-0.13780448,0.09250091,-0.97850013,
p, 6858,-0.23336200,0.20298703,-1.93323517,0.12164417,-0.13909407,0.09353107,-0.97831571,
p, 6868,-0.23521128,0.20593229,-1.93458939,0.12097892,-0.14025825,0.09445411,-0.97814333,
p, 6878,-0.23952337,0.20604689,-1.94188881,0.12036922,-0.14136189,0.09532993,-0.97797489,
u, 6885,,,,,,,,0.00000000,0.00000000
p, 6888,-0.23921511,0.20986548,-1.93287373,0.11985025,-0.14244190,0.09616897,-0.97779989,
p, 6898,-0.24314271,0.20937915,-1.93035746,0.11902125,-0.14402117,0.09746146,-0.97754061,
p, 6909,-0.24218446,0.21389672,-1.93544698,0.11822372,-0.14534073,0.09854513,-0.97733349,
p, 6920,-0.24097291,0.21505688,-1.93238413,0.11745538,-0.14652584,0.09952855,-0.97714984,
p, 6930,-0.24768372,0.21576667,-1.93402648,0.11672816,-0.14764363,0.10045715,-0.97697401,
p, 6940,-0.24665985,0.21554172,-1.92969787,0.11609116,-0.14874864,0.10136150,-0.97678912,
p, 6950,-0.24450760,0.21600145,-1.92969275,0.11535769,-0.15014070,0.10246332,-0.97654754,
p, 6960,-0.24836770,0.22685143,-1.92428851,0.11468537,-0.15140058,0.10344446,-0.97632885,
p, 6970,-0.25815600,0.22586010,-1.92592752,0.11411400,-0.15259844,0.10438211,-0.97610974,
p, 6980,-0.26310357,0.21774268,-1.92840266,0.11354385,-0.15376137,0.10531357,-0.97589386,
u, 6986,,,,,,,,0.00000000,0.00000000
p, 6990,-0.26199156,0.22475421,-1.92269742,0.11255092,-0.15544510,0.10670968,-0.97558880,
p, 7001,-0.26128295,0.22749704,-1.92488027,0.11174871,-0.15687570,0.10788596,-0.97532272,
p, 7012,-0.26463652,0.23511693,-1.91883051,0.11108592,-0.15815338,0.10891502,-0.97507823,
p, 7022,-0.26542830,0.23717211,-1.92132163,0.11051293,-0.15938318,0.10989238,-0.97483385,
p, 7033,-0.26815116,0.23860407,-1.92217815,0.10988519,-0.16088800,0.11106767,-0.97452390,
p, 7043,-0.26574367,0.24317288,-1.91979885,0.10931310,-0.16225541,0.11211970,-0.97424120,
p, 7053,-0.26806471,0.24347365,-1.91653395,0.10870346,-0.16353041,0.11313383,-0.97397918,
p, 7063,-0.27458870,0.25184089,-1.91292548,0.10768887,-0.16535965,0.11462083,-0.97360736,
p, 7073,-0.27823216,0.25700870,-1.91389072,0.10692972,-0.16689187,0.11586000,-0.97328305,
p, 7084,-0.28527239,0.24983461,-1.90445518,0.10631658,-0.16825859,0.11697832,-0.97298169,
u, 7087,,,,,,,,0.00000000,0.00000000
p, 7095,-0.28184974,0.23846558,-1.90908337,0.10570285,-0.16955781,0.11806124,-0.97269261,
p, 7105,-0.28490680,0.24816193,-1.90755987,0.10507644,-0.17081699,0.11911071,-0.97241247,
p, 7115,-0.28634378,0.24621993,-1.91221499,0.10444421,-0.17206801,0.12017016,-0.97212970,
p, 7125,-0.29681265,0.25744835,-1.89838350,0.10369524,-0.17362975,0.12145541,-0.97177172,
p, 7135,-0.29296046,0.26503092,-1.90027976,0.10312358,-0.17506960,0.12259401,-0.97143131,
p, 7145,-0.29826704,0.25930074,-1.89833629,0.10261416,-0.17642301,0.12366138,-0.97110540,
p, 7155,-0.30539113,0.26282907,-1.89520550,0.10181550,-0.17836586,0.12523091,-0.97063154,
p, 7165,-0.29912654,0.26318944,-1.90046072,0.10117822,-0.17999032,0.12655041,-0.97022730,
p, 7176,-0.30009121,0.26510912,-1.89330745,0.10061876,-0.18146101,0.12772857,-0.96985769,
p, 7187,-0.30832502,0.26905206,-1.89996183,0.10007544,-0.18284601,0.12885383,-0.96950543,
u, 7188,,,,,,,,0.00000000,0.00000000
p, 7197,-0.30655968,0.27471614,-1.89764333,0.09949988,-0.18419853,0.12994985,-0.96916258,
p, 7208,-0.31500775,0.27713621,-1.89214289,0.09878027,-0.18585891,0.13131067,-0.96873492,
p, 7218,-0.31847647,0.28255767,-1.88957572,0.09814623,-0.18736070,0.13253570,-0.96834326,
p, 7228,-0.31753290,0.28095016,-1.89138210,0.09755693,-0.18879801,0.13370115,-0.96796364,
p, 7238,-0.32096738,0.28337365,-1.88756275,0.09690989,-0.19018866,0.13484403,-0.96759796,
p, 7249,-0.31924376,0.28425732,-1.88740778,0.09590051,-0.19222547,0.13656500,-0.96705222,
p, 7260,-0.31985444,0.28723973,-1.88939786,0.09523828,-0.19395062,0.13797474,-0.96657330,
p, 7271,-0.33044419,0.28977618,-1.88171828,0.09470750,-0.19552915,0.13921946,-0.96612954,
p, 7281,-0.33403009,0.29578990,-1.87603211,0.09416671,-0.19700722,0.14042363,-0.96570837,
u, 7289,,,,,,,,0.00000000,0.00000000
p, 7291,-0.33999631,0.28916082,-1.87570679,0.09355325,-0.19843823,0.14162925,-0.96529919,
p, 7301,-0.34558868,0.30164677,-1.87540674,0.09280543,-0.20020941,0.14311890,-0.96478480,
p, 7311,-0.34135056,0.30334261,-1.87702680,0.09228470,-0.20183226,0.14441504,-0.96430361,
p, 7321,-0.34618950,0.30858505,-1.87546408,0.09157202,-0.20410788,0.14622729,-0.96361697,
p, 7331,-0.34794521,0.31476921,-1.87713170,0.09095730,-0.20598435,0.14773664,-0.96304584,
p, 7342,-0.35036421,0.31164333,-1.87039721,0.09042531,-0.20766361,0.14908211,-0.96252871,
p, 7353,-0.35432792,0.30951583,-1.87092090,0.08995840,-0.20925176,0.15036169,-0.96203005,
p, 7363,-0.36390102,0.31129783,-1.85970056,0.08955055,-0.21077435,0.15160319,-0.96154130,
p, 7373,-0.36510938,0.31306621,-1.85991931,0.08915848,-0.21229285,0.15281677,-0.96105170,
p, 7383,-0.37178656,0.31171501,-1.85973108,0.08864605,-0.21416739,0.15432248,-0.96044141,
u, 7390,,,,,,,,0.00000000,0.00000000
p, 7393,-0.37202001,0.32608455,-1.85030627,0.08813237,-0.21584660,0.15569259,-0.95989168,
p, 7403,-0.37370074,0.31853697,-1.84332025,0.08763143,-0.21744728,0.15699953,-0.95936358,
p, 7413,-0.36636239,0.32834351,-1.84435916,0.08714470,-0.21902718,0.15826836,-0.95884013,
p, 7423,-0.36830083,0.33526093,-1.84539735,0.08642957,-0.22136676,0.16014002,-0.95805371,
p, 7434,-0.37913483,0.33863571,-1.84628272,0.08582050,-0.22330144,0.16170281,-0.95739698,
p, 7445,-0.39270005,0.34224570,-1.83754718,0.08533327,-0.22504532,0.16312814,-0.95679104,
p, 7455,-0.38790125,0.33742076,-1.83958817,0.08492731,-0.22672683,0.16447677,-0.95619977,
p, 7465,-0.39734265,0.33960119,-1.84336281,0.08458918,-0.22837058,0.16577786,-0.95561421,
p, 7475,-0.38829231,0.34232408,-1.82699299,0.08417965,-0.22999153,0.16706789,-0.95503712,
p, 7486,-0.38866520,0.35139886,-1.81937265,0.08335242,-0.23236330,0.16905555,-0.95418227,
u, 7490,,,,,,,,0.00000000,0.00000000
p, 7497,-0.39582491,0.35077876,-1.82167363,0.08271933,-0.23435256,0.17071211,-0.95345587,
p, 7508,-0.40972733,0.35246763,-1.81562960,0.08204685,-0.23654020,0.17253035,-0.95264542,
p, 7519,-0.41294777,0.35644013,-1.82185435,0.08138344,-0.23844349,0.17412600,-0.95193803,
p, 7529,-0.41544300,0.36108902,-1.82052648,0.08089209,-0.24022484,0.17558388,-0.95126498,
p, 7539,-0.41635492,0.36290228,-1.81907678,0.08043039,-0.24193421,0.17698678,-0.95061141,
p, 7549,-0.41617000,0.37007266,-1.81404889,0.07966265,-0.24442787,0.17905375,-0.94964755,
p, 7559,-0.42113584,0.37191072,-1.80923843,0.07905447,-0.24650972,0.18076366,-0.94883639,
p, 7570,-0.42963836,0.37212020,-1.81134224,0.07849222,-0.24837840,0.18234082,-0.94809461,
p, 7581,-0.42407823,0.36687675,-1.80758762,0.07792123,-0.25015759,0.18385890,-0.94738126,
u, 7591,,,,,,,,0.00000000,0.00000000
p, 7592,-0.42634118,0.37169367,-1.80339098,0.07717840,-0.25229794,0.18570429,-0.94651294,
p, 7602,-0.43009716,0.38309720,-1.79478478,0.07655647,-0.25420883,0.18731636,-0.94573468,
p, 7612,-0.43924597,0.37881970,-1.79783642,0.07598107,-0.25601462,0.18886332,-0.94498664,
p, 7622,-0.43475664,0.38080084,-1.78939056,0.07541202,-0.25777268,0.19034523,-0.94425720,
p, 7632,-0.45563668,0.37988406,-1.79152298,0.07485438,-0.25949520,0.19184017,-0.94352722,
p, 7642,-0.45479283,0.38701692,-1.78764534,0.07391606,-0.26207387,0.19410096,-0.94242144,
p, 7653,-0.44509357,0.38621169,-1.78637028,0.07321946,-0.26426017,0.19596711,-0.94147891,
p, 7664,-0.44535562,0.39169899,-1.77954531,0.07263093,-0.26624438,0.19765019,-0.94061434,
p, 7674,-0.46056998,0.40297991,-1.76925111,0.07205597,-0.26809108,0.19923316,-0.93980074,
p, 7685,-0.46302730,0.40256265,-1.76289093,0.07129305,-0.27081031,0.20152512,-0.93858624,
u, 7691,,,,,,,,0.00000000,0.00000000
p, 7696,-0.46910062,0.40455890,-1.76227427,0.07063814,-0.27304730,0.20342894,-0.93757701,
p, 7706,-0.47722608,0.41215646,-1.76037908,0.07001996,-0.27503693,0.20514576,-0.93666875,
p, 7716,-0.47687140,0.40962285,-1.75804293,0.06941912,-0.27692050,0.20677993,-0.93579984,
p, 7726,-0.48372072,0.41962466,-1.74844432,0.06868602,-0.27966905,0.20911142,-0.93451393,
p, 7736,-0.48249909,0.42440432,-1.74414861,0.06815463,-0.28197819,0.21102774,-0.93342823,
p, 7747,-0.48284960,0.42341432,-1.74200082,0.06767419,-0.28405231,0.21276113,-0.93244171,
p, 7758,-0.48301721,0.42980105,-1.74162114,0.06720033,-0.28601635,0.21441764,-0.93149680,
p, 7768,-0.48359692,0.42644837,-1.74161434,0.06671295,-0.28792682,0.21604455,-0.93056762,
p, 7778,-0.48558813,0.42896056,-1.73250914,0.06616119,-0.28979528,0.21767782,-0.92964637,
p, 7788,-0.49267200,0.43081176,-1.73198485,0.06557078,-0.29164714,0.21935537,-0.92871439,
u, 7792,,,,,,,,0.00000000,0.00000000
p, 7798,-0.49769402,0.43714660,-1.72173584,0.06480463,-0.29445946,0.22177887,-0.92729938,
p, 7808,-0.50115108,0.43842956,-1.71793890,0.06424068,-0.29680920,0.22379595,-0.92610443,
p, 7819,-0.50578642,0.43422639,-1.71319461,0.06375206,-0.29892856,0.22560802,-0.92501760,
p, 7830,-0.50834060,0.44458359,-1.71408021,0.06333376,-0.30094841,0.22729424,-0.92397922,
p, 7840,-0.50742805,0.44830498,-1.70944190,0.06300413,-0.30294847,0.22890285,-0.92295128,
p, 7850,-0.51694340,0.44947904,-1.70374286,0.06264786,-0.30489781,0.23052120,-0.92193079,
p, 7861,-0.52388310,0.45114180,-1.70256424,0.06204406,-0.30780935,0.23298770,-0.92037773,
p, 7871,-0.52002871,0.45833611,-1.68314552,0.06158289,-0.31025603,0.23501769,-0.91907054,
p, 7881,-0.52858430,0.46172726,-1.69022083,0.06129696,-0.31249303,0.23681286,-0.91787159,
p, 7891,-0.52527845,0.46589476,-1.67439508,0.06098761,-0.31459904,0.23852405,-0.91673028,
u, 7892,,,,,,,,0.00000000,0.00000000
p, 7901,-0.52750891,0.47023681,-1.66502500,0.06051681,-0.31765506,0.24102399,-0.91504741,
p, 7912,-0.53301108,0.46879148,-1.67092192,0.06007328,-0.32017988,0.24312483,-0.91364050,
p, 7923,-0.54572612,0.47082305,-1.66392922,0.05964871,-0.32242301,0.24504593,-0.91236711,
p, 7933,-0.54546893,0.47719467,-1.65466511,0.05924296,-0.32453966,0.24682666,-0.91116381,
p, 7943,-0.55041391,0.47725242,-1.65251255,0.05886735,-0.32659271,0.24857247,-0.90998030,
p, 7953,-0.55065858,0.47777721,-1.65585375,0.05850293,-0.32862765,0.25028282,-0.90880221,
p, 7963,-0.54685181,0.47685707,-1.64871240,0.05818441,-0.33067721,0.25198174,-0.90760928,
p, 7973,-0.55363834,0.48158497,-1.64213574,0.05792348,-0.33379233,0.25446430,-0.90578544,
p, 7984,-0.55822939,0.48566553,-1.64096069,0.05767113,-0.33640325,0.25654283,-0.90424836,
u, 7993,,,,,,,,0.00000000,0.00000000
p, 7995,-0.56729984,0.48869002,-1.63492584,0.05743382,-0.33874118,0.25841725,-0.90285742,
p, 8005,-0.56838655,0.49532920,-1.63129807,0.05724476,-0.34097886,0.26017553,-0.90152252,
p, 8015,-0.56984544,0.49842754,-1.62371635,0.05704187,-0.34314883,0.26191273,-0.90020895,
p, 8025,-0.57854760,0.49731404,-1.61561489,0.05675774,-0.34525543,0.26366818,-0.89890862,
p, 8035,-0.57716900,0.50555396,-1.60798597,0.05628292,-0.34840116,0.26630518,-0.89693904,
p, 8045,-0.57958484,0.50137317,-1.60246253,0.05589040,-0.35102946,0.26850134,-0.89528298,
p, 8056,-0.57949579,0.49926752,-1.59407794,0.05558981,-0.35341179,0.27045852,-0.89377582,
p, 8066,-0.57945126,0.49821469,-1.58988571,0.05543951,-0.35460293,0.27143711,-0.89302224,
p, 8076,-0.59133089,0.50617981,-1.58473778,0.05481215,-0.35832205,0.27461970,-0.89058769,
p, 8087,-0.60302323,0.51744843,-1.57305431,0.05430485,-0.36122608,0.27711135,-0.88867211,
u, 8093,,,,,,,,0.00000000,0.00000000
p, 8098,-0.59901989,0.51668930,-1.57562017,0.05386362,-0.36374715,0.27925816,-0.88699985,
p, 8108,-0.59838384,0.52138329,-1.56626773,0.05347615,-0.36607677,0.28122470,-0.88544476,
p, 8118,-0.60355902,0.52343273,-1.56241548,0.05314402,-0.36831391,0.28309995,-0.88393998,
p, 8128,-0.60626101,0.52150488,-1.55807853,0.05286723,-0.37052405,0.28493875,-0.88244188,
p, 8138,-0.60319459,0.53213000,-1.54888332,0.05248009,-0.37380236,0.28764021,-0.88019651,
p, 8148,-0.60906190,0.53540552,-1.53966999,0.05213888,-0.37651038,0.28988728,-0.87832415,
p, 8159,-0.61259067,0.53866833,-1.54137278,0.05180561,-0.37895417,0.29192281,-0.87661910,
p, 8170,-0.61831468,0.53315103,-1.53314519,0.05158863,-0.38128173,0.29381931,-0.87498933,
p, 8180,-0.62173367,0.54201192,-1.52286685,0.05142291,-0.38356173,0.29563713,-0.87339008,
p, 8190,-0.62668562,0.54583204,-1.51667476,0.05126032,-0.38581669,0.29741466,-0.87180233,
u, 8193,,,,,,,,0.00000000,0.00000000
p, 8200,-0.62336326,0.54450721,-1.52194822,0.05118573,-0.38810086,0.29918569,-0.87018573,
p, 8210,-0.63076580,0.54275382,-1.51298833,0.05115765,-0.39038503,0.30091801,-0.86856699,
p, 8221,-0.63645834,0.55038387,-1.49626315,0.05090579,-0.39371994,0.30358237,-0.86613834,
p, 8232,-0.63371992,0.54967463,-1.49938273,0.05064944,-0.39650887,0.30583775,-0.86408556,
p, 8243,-0.63344932,0.54895383,-1.48756826,0.05032208,-0.39955568,0.30833262,-0.86180961,
p, 8254,-0.63895977,0.56233394,-1.48501801,0.05005408,-0.40222740,0.31048757,-0.85980827,
p, 8264,-0.63877767,0.56636900,-1.47276413,0.04981009,-0.40468487,0.31244725,-0.85795975,
p, 8274,-0.64376783,0.56139040,-1.46340227,0.04958494,-0.40702769,0.31435400,-0.85616791,
p, 8284,-0.65179420,0.56971955,-1.45928597,0.04923552,-0.41044509,0.31713623,-0.85351908,
u, 8293,,,,,,,,0.00000000,0.00000000
p, 8294,-0.65183246,0.57315934,-1.44615757,0.04891181,-0.41325843,0.31944641,-0.85131705,
p, 8305,-0.64983743,0.57342964,-1.44847393,0.04863529,-0.41580248,0.32152086,-0.84931338,
p, 8316,-0.65386009,0.57187104,-1.43144369,0.04844348,-0.41820654,0.32344827,-0.84741229,
p, 8327,-0.65706921,0.57372391,-1.42512584,0.04832335,-0.42115921,0.32569379,-0.84509122,
p, 8337,-0.66659307,0.57879311,-1.41860235,0.04816289,-0.42375851,0.32773763,-0.84300935,
p, 8347,-0.66512942,0.58470750,-1.41462350,0.04796460,-0.42619467,0.32968247,-0.84103334,
p, 8357,-0.67253816,0.58664238,-1.40926182,0.04777108,-0.42853111,0.33156118,-0.83911777,
p, 8367,-0.67557877,0.58635861,-1.41021252,0.04763009,-0.43085110,0.33340412,-0.83720613,
p, 8377,-0.67209423,0.58167720,-1.39740515,0.04751036,-0.43435061,0.33608872,-0.83431756,
p, 8388,-0.67843145,0.58560789,-1.38800311,0.04740886,-0.43725258,0.33832744,-0.83189988,
u, 8393,,,,,,,,0.00000000,0.00000000
p, 8399,-0.68406439,0.58822173,-1.38295877,0.04734420,-0.43987387,0.34033084,-0.82970405,
p, 8409,-0.68077731,0.58600390,-1.37299800,0.04724056,-0.44233012,0.34224299,-0.82761723,
p, 8419,-0.68548143,0.59526330,-1.37277830,0.04710919,-0.44470650,0.34410602,-0.82557774,
p, 8429,-0.68611687,0.59404123,-1.36839604,0.04688362,-0.44761628,0.34641480,-0.82304525,
p, 8439,-0.68348968,0.60276860,-1.35453951,0.04680805,-0.45028996,0.34840229,-0.82074964,
p, 8449,-0.68407577,0.59767950,-1.34692454,0.04679570,-0.45282492,0.35024282,-0.81857085,
p, 8459,-0.68989253,0.59593600,-1.34097326,0.04676974,-0.45525426,0.35204542,-0.81645012,
p, 8470,-0.69676054,0.60147297,-1.32581353,0.04664307,-0.45878965,0.35473233,-0.81330013,
p, 8481,-0.70004958,0.60279948,-1.30971158,0.04659276,-0.46172589,0.35693309,-0.81067538,
p, 8492,-0.70301402,0.60348558,-1.31894112,0.04657035,-0.46438080,0.35891140,-0.80828607,
u, 8493,,,,,,,,0.00000000,0.00000000
p, 8503,-0.70474797,0.60683465,-1.30787754,0.04656610,-0.46748918,0.36117232,-0.80548024,
p, 8513,-0.69959533,0.61186612,-1.29638720,0.04663555,-0.47028086,0.36310989,-0.80297798,
p, 8523,-0.70243591,0.61162001,-1.28011346,0.04669398,-0.47285992,0.36490050,-0.80064738,
p, 8533,-0.70439029,0.61621189,-1.27202237,0.04677697,-0.47654948,0.36745894,-0.79726881,
p, 8543,-0.70049226,0.61813402,-1.26127815,0.04689236,-0.47961903,0.36952376,-0.79446387,
p, 8554,-0.71169633,0.61750817,-1.25602055,0.04703876,-0.48237890,0.37134457,-0.79193485,
p, 8565,-0.71310985,0.61754620,-1.25030947,0.04715844,-0.48496848,0.37307215,-0.78953350,
p, 8575,-0.71959203,0.61620718,-1.24363923,0.04728562,-0.48746893,0.37474367,-0.78719306,
p, 8585,-0.71763754,0.62293053,-1.23816025,0.04743460,-0.48995209,0.37636459,-0.78486699,
u, 8593,,,,,,,,0.00000000,0.00000000
p, 8595,-0.72192454,0.62197399,-1.23570299,0.04752200,-0.49238431,0.37801564,-0.78254342,
p, 8605,-0.72376287,0.62545538,-1.23074365,0.04765334,-0.49542367,0.38003445,-0.77962935,
p, 8615,-0.72720736,0.61965823,-1.22021496,0.04780318,-0.49816477,0.38183621,-0.77698898,
p, 8625,-0.71514332,0.62454927,-1.20547485,0.04799101,-0.50194812,0.38430744,-0.77330506,
p, 8635,-0.72404200,0.62794083,-1.19709015,0.04819386,-0.50508416,0.38630000,-0.77025354,
p, 8646,-0.72606516,0.63274944,-1.18144608,0.04837326,-0.50786179,0.38805315,-0.76753396,
p, 8657,-0.72341466,0.62970632,-1.17042732,0.04850430,-0.51045048,0.38971478,-0.76496571,
p, 8667,-0.72160113,0.63002348,-1.16928196,0.04855563,-0.51292825,0.39134800,-0.76246959,
p, 8678,-0.71916085,0.63049483,-1.15753222,0.04876719,-0.51602924,0.39324683,-0.75937653,
p, 8688,-0.72785127,0.62696922,-1.14743829,0.04897416,-0.51879621,0.39495662,-0.75658643,
u, 8694,,,,,,,,0.00000000,0.00000000
p, 8698,-0.73114365,0.64089245,-1.13600552,0.04914901,-0.52139896,0.39653671,-0.75395679,
p, 8708,-0.72364986,0.63936257,-1.12050056,0.04931808,-0.52390879,0.39804465,-0.75140870,
p, 8719,-0.73277372,0.63504994,-1.11383915,0.04964215,-0.52761149,0.40021744,-0.74762189,
p, 8730,-0.72982836,0.63193995,-1.10529757,0.04986633,-0.53065693,0.40204740,-0.74446440,
p, 8741,-0.72716546,0.63355875,-1.10384965,0.05006904,-0.53339535,0.40368277,-0.74160683,
p, 8751,-0.72977078,0.64045644,-1.09790719,0.05031211,-0.53600591,0.40517050,-0.73889494,
p, 8761,-0.73520857,0.64217341,-1.08312559,0.05050255,-0.53849864,0.40664518,-0.73625696,
p, 8771,-0.73984241,0.64080411,-1.07589507,0.05066162,-0.54092056,0.40811217,-0.73365587,
p, 8781,-0.74222803,0.63888347,-1.07153976,0.05086080,-0.54393256,0.40987837,-0.73041880,
p, 8791,-0.73956037,0.63139242,-1.06131315,0.05124972,-0.54788977,0.41207698,-0.72617131,
u, 8795,,,,,,,,0.00000000,0.00000000
p, 8801,-0.74004233,0.63437605,-1.04827285,0.05166741,-0.55113095,0.41377103,-0.72271997,
p, 8812,-0.74551708,0.63326621,-1.04187477,0.05205474,-0.55400085,0.41522235,-0.71966428,
p, 8823,-0.73833621,0.63765514,-1.03123713,0.05235306,-0.55664432,0.41659343,-0.71680927,
p, 8833,-0.73871309,0.64209265,-1.01804471,0.05252137,-0.55910313,0.41798240,-0.71407294,
p, 8843,-0.73794782,0.63775015,-1.01616347,0.05266248,-0.56151295,0.41937321,-0.71135288,
p, 8853,-0.73951834,0.64101863,-1.00983644,0.05289698,-0.56448400,0.42103848,-0.70798784,
p, 8863,-0.73709929,0.64092100,-0.99677002,0.05308992,-0.56714779,0.42252940,-0.70495063,
p, 8873,-0.74048263,0.63891906,-0.99136597,0.05340518,-0.56971967,0.42381865,-0.70207500,
p, 8883,-0.73236287,0.64078677,-0.97562528,0.05374128,-0.57224405,0.42500472,-0.69927531,
p, 8893,-0.73983103,0.64426118,-0.96754897,0.05410202,-0.57585359,0.42683446,-0.69514573,
u, 8896,,,,,,,,0.00000000,0.00000000
p, 8904,-0.74148226,0.64467847,-0.96631843,0.05433376,-0.57880515,0.42839900,-0.69170696,
p, 8915,-0.73778367,0.65182990,-0.95194733,0.05460393,-0.58149278,0.42971504,-0.68861222,
p, 8925,-0.73722374,0.64233649,-0.94707352,0.05489647,-0.58404714,0.43092728,-0.68566674,
p, 8935,-0.74627453,0.64744693,-0.93722844,0.05516616,-0.58650345,0.43209839,-0.68280792,
p, 8945,-0.73694491,0.64881194,-0.92613375,0.05535166,-0.58887959,0.43327093,-0.68000072,
p, 8955,-0.72802293,0.65163070,-0.90891343,0.05559763,-0.59180188,0.43469593,-0.67652047,
p, 8965,-0.73234338,0.64718831,-0.91314352,0.05586547,-0.59446454,0.43592137,-0.67336881,
p, 8975,-0.72764480,0.64423472,-0.90225810,0.05617753,-0.59700608,0.43700734,-0.67038554,
p, 8985,-0.72515815,0.64637423,-0.89329827,0.05668120,-0.60067159,0.43849048,-0.66607404,
p, 8996,-0.73065162,0.63786149,-0.88606411,0.05704981,-0.60367417,0.43974406,-0.66249394,
u, 8997,,,,,,,,0.00000000,0.00000000
p, 9007,-0.72399127,0.63085854,-0.87871623,0.05737060,-0.60634488,0.44087118,-0.65927494,
p, 9017,-0.73173136,0.62803608,-0.86282766,0.05769933,-0.60884583,0.44190186,-0.65624833,
p, 9028,-0.72743797,0.63485694,-0.85521907,0.05812534,-0.61189592,0.44304514,-0.65258908,
p, 9038,-0.72510052,0.63299549,-0.85624421,0.05854295,-0.61464387,0.44401056,-0.64930665,
p, 9048,-0.72617483,0.63533014,-0.83968979,0.05895770,-0.61722434,0.44486004,-0.64623535,
p, 9058,-0.72819209,0.63149261,-0.83021474,0.05948880,-0.62086523,0.44609600,-0.64181960,
p, 9068,-0.72161710,0.62815475,-0.81945002,0.05993747,-0.62385798,0.44707736,-0.63818538,
p, 9079,-0.72387618,0.62556267,-0.81164151,0.06032736,-0.62651330,0.44798118,-0.63491011,
p, 9090,-0.71617854,0.63109493,-0.79758251,0.06064577,-0.62897331,0.44882584,-0.63184804,
u, 9098,,,,,,,,0.00000000,0.00000000
p, 9100,-0.71908170,0.62652922,-0.79793066,0.06091265,-0.63132674,0.44967264,-0.62886918,
p, 9110,-0.72236431,0.61887527,-0.79231405,0.06116692,-0.63361943,0.45051667,-0.62592971,
p, 9120,-0.71825308,0.61770332,-0.78882670,0.06141488,-0.63588822,0.45135307,-0.62299633,
p, 9130,-0.71524382,0.62019962,-0.77466238,0.06169432,-0.63868368,0.45237231,-0.61935365,
p, 9140,-0.71358657,0.62137151,-0.75870723,0.06200899,-0.64122677,0.45319110,-0.61608791,
p, 9150,-0.70892036,0.62325442,-0.74686921,0.06250006,-0.64476335,0.45424879,-0.61153829,
p, 9160,-0.71028751,0.61772615,-0.73700577,0.06290764,-0.64765525,0.45507169,-0.60782039,
p, 9171,-0.70804906,0.61677778,-0.72690129,0.06329425,-0.65024585,0.45574820,-0.60450363,
p, 9182,-0.70935595,0.60859030,-0.72667849,0.06370461,-0.65270609,0.45631701,-0.60137624,
p, 9192,-0.71315271,0.60725844,-0.72260743,0.06411361,-0.65510023,0.45682892,-0.59833610,
u, 9198,,,,,,,,0.00000000,0.00000000
p, 9202,-0.70560586,0.60920936,-0.71568143,0.06459467,-0.65802103,0.45740676,-0.59462154,
p, 9212,-0.70055073,0.61314499,-0.70221633,0.06502172,-0.66062778,0.45789933,-0.59129763,
p, 9222,-0.70231855,0.61001641,-0.70184672,0.06541908,-0.66305900,0.45836729,-0.58816427,
p, 9232,-0.69941825,0.60750604,-0.69070607,0.06580141,-0.66539288,0.45882162,-0.58512604,
p, 9242,-0.69285643,0.60598385,-0.67649925,0.06627932,-0.66874886,0.45949519,-0.58068770,
p, 9252,-0.69480163,0.60077482,-0.67775005,0.06662779,-0.67150927,0.46007609,-0.57699251,
p, 9263,-0.69196713,0.60542583,-0.67066216,0.06697243,-0.67401236,0.46051925,-0.57367551,
p, 9274,-0.68572813,0.60255575,-0.66477597,0.06732778,-0.67639291,0.46088374,-0.57053459,
p, 9284,-0.68997860,0.60080791,-0.65487486,0.06769505,-0.67870140,0.46120164,-0.56748748,
p, 9294,-0.69189024,0.59788930,-0.64762020,0.06800728,-0.68092853,0.46155113,-0.56449211,
u, 9298,,,,,,,,0.00000000,0.00000000
p, 9304,-0.69139647,0.59811610,-0.63228178,0.06838546,-0.68366015,0.46196562,-0.56078804,
p, 9314,-0.69087493,0.59447587,-0.63065505,0.06874178,-0.68610442,0.46231967,-0.55745858,
p, 9324,-0.68474716,0.59300667,-0.62005317,0.06905670,-0.68839526,0.46263137,-0.55433047,
p, 9334,-0.67841792,0.58979249,-0.61424106,0.06955912,-0.69171488,0.46297520,-0.54981613,
p, 9344,-0.67178953,0.58923066,-0.60648274,0.06997277,-0.69446099,0.46320885,-0.54609478,
p, 9355,-0.67475432,0.58999497,-0.59775889,0.07034427,-0.69691086,0.46339405,-0.54276395,
p, 9366,-0.66958392,0.58627248,-0.58934575,0.07067742,-0.69919729,0.46354234,-0.53964913,
p, 9377,-0.66685373,0.58569300,-0.58074462,0.07115425,-0.70200741,0.46359128,-0.53587854,
p, 9387,-0.66831911,0.58934003,-0.57315582,0.07154098,-0.70446777,0.46364936,-0.53254002,
p, 9397,-0.66256684,0.57827747,-0.55683398,0.07189520,-0.70673221,0.46371847,-0.52942622,
u, 9398,,,,,,,,0.00000000,0.00000000
p, 9407,-0.66274250,0.57251734,-0.55398309,0.07219076,-0.70888031,0.46381295,-0.52642578,
p, 9417,-0.65779489,0.57329941,-0.55100888,0.07246377,-0.71097976,0.46390700,-0.52346766,
p, 9427,-0.64959908,0.57148552,-0.54675233,0.07288574,-0.71408784,0.46398503,-0.51907659,
p, 9438,-0.64923191,0.57423306,-0.53903168,0.07326680,-0.71667945,0.46398228,-0.51544249,
p, 9449,-0.64835405,0.56751966,-0.53224933,0.07366105,-0.71905470,0.46388239,-0.51216197,
p, 9459,-0.64847207,0.56484199,-0.52255625,0.07396831,-0.72124743,0.46382073,-0.50908536,
p, 9469,-0.65076649,0.55733860,-0.51849556,0.07422793,-0.72333771,0.46378878,-0.50610548,
p, 9479,-0.63549525,0.55276293,-0.51150608,0.07454920,-0.72588307,0.46369869,-0.50247884,
p, 9489,-0.63686228,0.55016994,-0.50614214,0.07482283,-0.72813535,0.46364826,-0.49921697,
u, 9498,,,,,,,,0.00000000,0.00000000
p, 9499,-0.62976384,0.54852247,-0.50359750,0.07506119,-0.73025107,0.46356618,-0.49616030,
p, 9509,-0.63232577,0.55149817,-0.49367344,0.07531078,-0.73232317,0.46342623,-0.49319240,
p, 9520,-0.62573320,0.54624164,-0.48495775,0.07569706,-0.73531479,0.46319669,-0.48886484,
p, 9531,-0.62145269,0.54594034,-0.47790673,0.07604460,-0.73782670,0.46291155,-0.48528501,
p, 9542,-0.61855716,0.53956413,-0.47464824,0.07636814,-0.74008906,0.46259755,-0.48208284,
p, 9553,-0.61762822,0.53256130,-0.46976125,0.07674733,-0.74269378,0.46222460,-0.47835696,
p, 9563,-0.61175448,0.53379011,-0.46103114,0.07703330,-0.74495339,0.46191442,-0.47508943,
p, 9573,-0.60582685,0.53205466,-0.46136579,0.07731341,-0.74707973,0.46156329,-0.47204030,
p, 9583,-0.60737205,0.52502239,-0.44782311,0.07767382,-0.75006479,0.46105984,-0.46770656,
p, 9593,-0.60683239,0.51988882,-0.43606213,0.07799575,-0.75253457,0.46059012,-0.46413788,
u, 9598,,,,,,,,0.00000000,0.00000000
p, 9604,-0.60747045,0.52472258,-0.43133366,0.07829124,-0.75474727,0.46011415,-0.46096224,
p, 9615,-0.60695791,0.52671218,-0.42668062,0.07854658,-0.75681162,0.45967183,-0.45797056,
p, 9625,-0.60148311,0.51876533,-0.41506913,0.07877228,-0.75875854,0.45927173,-0.45510653,
p, 9635,-0.59522855,0.52364200,-0.41998267,0.07894202,-0.76062483,0.45893189,-0.45229864,
p, 9645,-0.58960646,0.52197576,-0.41002643,0.07910779,-0.76248193,0.45853239,-0.44954127,
p, 9655,-0.58966410,0.52474368,-0.40311044,0.07934414,-0.76481980,0.45796627,-0.44608551,
p, 9665,-0.59686452,0.51520997,-0.40091130,0.07959012,-0.76693058,0.45741582,-0.44297215,
p, 9675,-0.58389366,0.50490415,-0.39489079,0.07992488,-0.76984638,0.45656168,-0.43870005,
p, 9685,-0.58045238,0.50491637,-0.38906527,0.08015161,-0.77218223,0.45591831,-0.43521222,
p, 9696,-0.58492684,0.50351870,-0.38166642,0.08034266,-0.77422017,0.45537293,-0.43212280,
u, 9699,,,,,,,,0.00000000,0.00000000
p, 9707,-0.54366887,0.44540101,-0.39356148,0.08050221,-0.77616394,0.45487875,-0.42912057,
p, 9717,-0.51903445,0.14948121,-0.23228794,0.08150689,-0.77737105,0.45435342,-0.42730895,
p, 9728,-0.58943510,0.36223143,0.02924177,0.08268723,-0.77843148,0.45316428,-0.42642003,
p, 9738,-0.70842910,-0.13114777,-0.30838478,0.08399540,-0.77965111,0.45130408,-0.42590952,
p, 9748,-0.54698646,0.09805374,-0.29841083,0.08518404,-0.78112054,0.44932371,-0.42507294,
p, 9758,-0.53042835,0.24163094,-0.28779337,0.08574462,-0.78202140,0.44859719,-0.42407608,
p, 9769,-0.66182828,0.60188693,-0.45034659,0.08606710,-0.78241849,0.44824919,-0.42365149,
p, 9780,-0.56087172,0.49102220,-0.69072658,0.08617206,-0.78271115,0.44808966,-0.42326117,
p, 9791,-0.47502357,0.41084772,-0.47603956,0.08610312,-0.78312743,0.44803935,-0.42255905,
u, 9800,,,,,,,,-0.31892875,0.00000000
p, 9802,-0.38337818,0.49080899,-0.13068183,0.08615195,-0.78328884,0.44808257,-0.42220503,
p, 9812,-0.61029106,0.41399121,-0.20064822,0.08641131,-0.78347206,0.44835049,-0.42152721,
p, 9822,-0.63509393,0.58500922,-0.52828735,0.08649400,-0.78354710,0.44855040,-0.42115846,
p, 9832,-0.52175534,0.58956271,-0.25340912,0.08642721,-0.78389955,0.44876698,-0.42028403,
p, 9842,-0.46720701,0.50561202,-0.09873520,0.08650918,-0.78405094,0.44886580,-0.41987967,
p, 9853,-0.66467953,0.45863944,-0.25908440,0.08665802,-0.78426957,0.44926700,-0.41900992,
p, 9864,-0.62663603,0.65731347,-0.49934658,0.08672234,-0.78437257,0.44951475,-0.41853830,
p, 9874,-0.49334884,0.60065991,-0.57217544,0.08666968,-0.78449547,0.44961685,-0.41820955,
p, 9884,-0.43965232,0.49166754,-0.42749855,0.08652331,-0.78483725,0.44968760,-0.41752160,
p, 9894,-0.35958141,0.45171297,-0.10405384,0.08652864,-0.78498971,0.44969046,-0.41723114,
u, 9901,,,,,,,,-0.00637857,0.00000000
p, 9904,-0.59808755,0.42628068,-0.30044764,0.08678053,-0.78516340,0.44995290,-0.41656816,
p, 9914,-0.59881032,0.77322948,-0.44297895,0.08690673,-0.78522265,0.45005026,-0.41632527,
p, 9924,-0.50250727,0.42430395,-0.32426506,0.08692352,-0.78549141,0.45010895,-0.41575086,
p, 9934,-0.40742734,0.41581866,-0.06434658,0.08702706,-0.78557289,0.45016602,-0.41551369,
p, 9945,-0.65986753,0.38643718,-0.19053663,0.08723193,-0.78571612,0.45053136,-0.41480276,
p, 9956,-0.67463744,0.57417715,-0.49940497,0.08738194,-0.78579962,0.45073593,-0.41439083,
p, 9966,-0.63118011,0.54843348,-0.65454865,0.08730060,-0.78585243,0.45083028,-0.41420555,
p, 9976,-0.52087414,0.40888318,-0.52294540,0.08711261,-0.78619015,0.45098090,-0.41343886,
p, 9986,-0.40368658,0.48858315,-0.11269188,0.08705221,-0.78635108,0.45105213,-0.41306800,
p, 9996,-0.64246368,0.49815968,-0.26513958,0.08720192,-0.78626847,0.45115444,-0.41308230,
u, 10002,,,,,,,,0.00765118,0.00000000
p, 10006,-0.64295578,0.63338006,-0.49815512,0.08731546,-0.78622520,0.45118111,-0.41311175,
p, 10016,-0.58429527,0.54545742,-0.25332713,0.08713575,-0.78632772,0.45111579,-0.41302598,
p, 10027,-0.35641766,0.45697859,-0.03897130,0.08725475,-0.78646874,0.45100647,-0.41285169,
p, 10038,-0.52784872,0.49593008,-0.09883136,0.08737437,-0.78630418,0.45106760,-0.41307303,
p, 10048,-0.56240916,0.59066981,-0.43119058,0.08751394,-0.78624809,0.45108426,-0.41313207,
p, 10058,-0.52600896,0.64096177,-0.59402090,0.08749130,-0.78631127,0.45103288,-0.41307271,
p, 10068,-0.52870578,0.42372185,-0.52477074,0.08736085,-0.78636646,0.45098230,-0.41305050,
p, 10078,-0.39158067,0.37464932,-0.19687939,0.08733633,-0.78645068,0.45088705,-0.41299936,
p, 10088,-0.63747889,0.53743756,-0.40248632,0.08748696,-0.78656077,0.45116681,-0.41245151,
p, 10099,-0.55824900,0.60094839,-0.55452991,0.08754601,-0.78664184,0.45130360,-0.41213471,
u, 10102,,,,,,,,0.00015302,0.00000000
p, 10110,-0.56609654,0.51157951,-0.60796869,0.08745511,-0.78675842,0.45131037,-0.41192415,
p, 10121,-0.49653399,0.48410702,-0.19776791,0.08748250,-0.78680742,0.45127738,-0.41186106,
p, 10131,-0.60840493,0.45360899,-0.19261870,0.08754380,-0.78681660,0.45128772,-0.41181916,
p, 10141,-0.69018114,0.55135131,-0.42674607,0.08761247,-0.78671098,0.45141482,-0.41186708,
p, 10151,-0.61709374,0.73427856,-0.59322536,0.08751735,-0.78668356,0.45151311,-0.41183197,
p, 10161,-0.49714550,0.43776459,-0.43314832,0.08756685,-0.78707111,0.45175952,-0.41080797,
p, 10172,-0.64302009,0.55220294,-0.37174079,0.08739504,-0.78752112,0.45220208,-0.40949124,
p, 10183,-0.80328345,0.67560709,-0.07408451,0.08739461,-0.78764212,0.45252952,-0.40889761,
p, 10193,-0.64756000,0.16863698,-0.30825198,0.08737057,-0.78772348,0.45269209,-0.40856689,
u, 10202,,,,,,,,-0.04666944,0.00000000
p, 10204,-0.43815988,0.11125788,-0.63036805,0.08716258,-0.78786767,0.45275137,-0.40826795,
p, 10214,-0.31208226,0.06843869,-0.25406495,0.08714660,-0.78816724,0.45265853,-0.40779585,
p, 10224,-0.68070698,0.33623657,-0.13950653,0.08707013,-0.78815103,0.45270932,-0.40778750,
p, 10235,-0.63680124,0.50347596,-0.40667495,0.08701418,-0.78819048,0.45279184,-0.40763167,
p, 10246,-0.08594060,0.21834412,-0.59722024,0.08653304,-0.78848612,0.45285270,-0.40709382,
p, 10257,-0.31677401,0.43820494,-0.22107258,0.08651739,-0.78879344,0.45259660,-0.40678665,
p, 10267,-0.37224656,0.37061462,-0.13531657,0.08658282,-0.78887701,0.45244288,-0.40678197,
p, 10277,-0.61195028,0.39602357,-0.35160908,0.08661815,-0.78883684,0.45243359,-0.40686280,
p, 10287,-0.63260478,0.71193540,-0.47701305,0.08660945,-0.78879261,0.45251191,-0.40686345,
p, 10297,-0.59319603,0.49982756,-0.52595162,0.08653751,-0.78884137,0.45247638,-0.40682381,
u, 10303,,,,,,,,-0.16428715,-0.00777875
p, 10307,-0.49706036,0.56023943,-0.15780461,0.08653067,-0.78892487,0.45237803,-0.40677273,
p, 10318,-0.59256244,0.45531350,-0.28140169,0.08662814,-0.78909510,0.45261449,-0.40615773,
p, 10328,-0.64031351,0.40285054,-0.34320024,0.08667687,-0.78918022,0.45273268,-0.40585023,
p, 10339,-0.52895039,0.36808175,-0.43936133,0.08655792,-0.78924155,0.45285231,-0.40562290,
p, 10350,-0.47452769,0.52956092,-0.22170246,0.08652802,-0.78949594,0.45299113,-0.40497822,
p, 10360,-0.46064490,0.46816486,-0.10415262,0.08663651,-0.78960890,0.45304745,-0.40467203,
p, 10370,-0.67422354,0.40519449,-0.29948232,0.08672770,-0.78956425,0.45314163,-0.40463445,
p, 10380,-0.65309840,0.54490530,-0.45994473,0.08676088,-0.78949177,0.45324472,-0.40465337,
p, 10390,-0.55739176,0.45571071,-0.36606550,0.08652785,-0.78976846,0.45330995,-0.40408945,
p, 10401,-0.39012319,0.41864362,-0.08195853,0.08651809,-0.78987014,0.45333430,-0.40386561,
u, 10404,,,,,,,,-0.00328574,-0.00015558
p, 10412,-0.60773551,0.43970662,-0.19256771,0.08660390,-0.79008985,0.45360237,-0.40311521,
p, 10423,-0.59611934,0.66911018,-0.35240263,0.08666404,-0.79012370,0.45384693,-0.40276086,
p, 10433,-0.46083280,0.52187198,-0.48188826,0.08664802,-0.79024231,0.45392159,-0.40244752,
p, 10443,-0.42812455,0.47085878,-0.25301385,0.08660149,-0.79047406,0.45401692,-0.40189427,
p, 10453,-0.33982521,0.47413027,-0.03093350,0.08674303,-0.79060209,0.45403165,-0.40159526,
p, 10463,-0.57333970,0.57442170,-0.31736952,0.08682287,-0.79048848,0.45420182,-0.40160942,
p, 10473,-0.51594079,0.53819501,-0.53752995,0.08680771,-0.79050148,0.45428181,-0.40149689,
p, 10484,-0.46894604,0.41497153,-0.39478731,0.08665055,-0.79075623,0.45436752,-0.40093142,
p, 10495,-0.34110144,0.38718089,-0.12952256,0.08678387,-0.79083812,0.45437855,-0.40072864,
u, 10505,,,,,,,,-0.11674696,0.00777564
p, 10506,-0.60937822,0.39435035,-0.35393059,0.08700939,-0.79093719,0.45462659,-0.40020216,
p, 10516,-0.68759316,0.59155381,-0.53424984,0.08709495,-0.79094410,0.45482618,-0.39994335,
p, 10526,-0.61963737,0.48357445,-0.55691981,0.08698508,-0.79099160,0.45491001,-0.39977807,
p, 10536,-0.53171200,0.44964245,-0.32834852,0.08690141,-0.79114091,0.45481983,-0.39960352,
p, 10546,-0.66570497,0.39193547,-0.38582343,0.08707674,-0.79107076,0.45481992,-0.39970416,
p, 10557,-0.73428833,0.57752901,-0.58738196,0.08718181,-0.79097879,0.45493549,-0.39973170,
p, 10568,-0.63559967,0.57047987,-0.59356433,0.08711607,-0.79097944,0.45497772,-0.39969671,
p, 10579,-0.50803113,0.47113776,-0.50031912,0.08685884,-0.79130161,0.45505464,-0.39902610,
p, 10589,-0.32703650,0.44742954,-0.12073451,0.08681700,-0.79149634,0.45501119,-0.39869872,
p, 10599,-0.55228931,0.37915605,-0.27680555,0.08691851,-0.79139739,0.45510656,-0.39876443,
u, 10606,,,,,,,,-0.01011369,0.00015551
p, 10609,-0.62135184,0.58767986,-0.49170476,0.08696654,-0.79134536,0.45521265,-0.39873636,
p, 10619,-0.57287532,0.53272390,-0.59820831,0.08687393,-0.79139382,0.45525283,-0.39861453,
p, 10629,-0.51093256,0.44200587,-0.39016098,0.08673541,-0.79151344,0.45514792,-0.39852688,
p, 10639,-0.59514982,0.33703840,-0.40166923,0.08687954,-0.79147673,0.45509779,-0.39862579,
p, 10650,-0.74564922,0.61105460,-0.47632444,0.08694877,-0.79139096,0.45515907,-0.39871103,
p, 10661,-0.66830343,0.66565764,-0.56140441,0.08692412,-0.79137599,0.45519793,-0.39870170,
p, 10672,-0.46977183,0.50535232,-0.31685790,0.08680281,-0.79151410,0.45508564,-0.39858210,
p, 10682,-0.29916358,0.43078437,0.02209015,0.08687870,-0.79157341,0.45498115,-0.39856720,
p, 10692,-0.53178394,0.33586794,-0.23028031,0.08697155,-0.79150140,0.45498776,-0.39868224,
p, 10702,-0.74105829,0.74215269,-0.47370642,0.08703839,-0.79138768,0.45509595,-0.39876989,
u, 10707,,,,,,,,-0.00798102,0.00000311
p, 10712,-0.51379395,0.77380919,-0.38468799,0.08678620,-0.79172528,0.45528960,-0.39793164,
p, 10722,-0.55410004,0.81299865,-0.33422023,0.08624806,-0.79217029,0.45549715,-0.39692283,
p, 10733,-0.54600143,0.65710968,-0.36302534,0.08558284,-0.79302835,0.45578611,-0.39501208,
p, 10744,-0.53360558,0.59088397,-0.33133870,0.08495149,-0.79388642,0.45622659,-0.39290708,
p, 10754,-0.52970409,0.55423868,-0.34299174,0.08433777,-0.79481626,0.45669371,-0.39060718,
p, 10764,-0.52393866,0.50542134,-0.32833332,0.08378984,-0.79573262,0.45719448,-0.38826483,
p, 10775,-0.51976657,0.47686991,-0.31424448,0.08301827,-0.79709065,0.45797062,-0.38470173,
p, 10785,-0.51042497,0.46930045,-0.30406439,0.08249989,-0.79799068,0.45848262,-0.38233551,
p, 10795,-0.51194924,0.45210323,-0.29735690,0.08199748,-0.79887664,0.45899424,-0.37997490,
p, 10806,-0.50316703,0.45396453,-0.29470506,0.08122599,-0.80018914,0.45974323,-0.37644729,
u, 10807,,,,,,,,-0.00015962,0.00000006
p, 10817,-0.50131649,0.44834915,-0.27889854,0.08061032,-0.80126011,0.46036458,-0.37353265,
p, 10828,-0.49877378,0.43920904,-0.28995433,0.08006643,-0.80221200,0.46092117,-0.37091446,
p, 10838,-0.49418366,0.44490054,-0.28419834,0.07955305,-0.80310011,0.46143964,-0.36845347,
p, 10848,-0.48519760,0.44409180,-0.27813128,0.07904333,-0.80394870,0.46192688,-0.36609685,
p, 10858,-0.49372032,0.44050598,-0.27529609,0.07854842,-0.80478060,0.46240917,-0.36376065,
p, 10868,-0.48840678,0.43516541,-0.27351230,0.07792434,-0.80579513,0.46298969,-0.36089528,
p, 10878,-0.48804647,0.43297577,-0.26456377,0.07736637,-0.80670011,0.46350893,-0.35831857,
p, 10888,-0.48224345,0.42480850,-0.26385844,0.07660405,-0.80792224,0.46421060,-0.35479391,
p, 10899,-0.47726673,0.43073463,-0.26016408,0.07597743,-0.80891389,0.46477807,-0.35191682,
u, 10908,,,,,,,,-0.00000319,0.00000000
p, 10910,-0.48339197,0.42907429,-0.25766078,0.07544158,-0.80978525,0.46528655,-0.34935105,
p, 10920,-0.47657454,0.43045664,-0.24895521,0.07493602,-0.81058979,0.46575275,-0.34696829,
p, 10930,-0.46259910,0.42287755,-0.24038336,0.07444455,-0.81134915,0.46618748,-0.34471089,
p, 10940,-0.45404735,0.41982806,-0.24089633,0.07395470,-0.81208920,0.46660775,-0.34249973,
p, 10950,-0.45796543,0.41586190,-0.24399859,0.07346949,-0.81281805,0.46702182,-0.34030473,
p, 10960,-0.45573595,0.41425267,-0.24277261,0.07286688,-0.81371230,0.46752906,-0.33758593,
p, 10970,-0.45693290,0.41443223,-0.23893239,0.07233284,-0.81450874,0.46798390,-0.33514157,
p, 10980,-0.44778866,0.40578637,-0.23161829,0.07161029,-0.81558609,0.46860358,-0.33178502,
p, 10991,-0.45310423,0.40736097,-0.22821301,0.07102796,-0.81645960,0.46910971,-0.32903737,
p, 11002,-0.45441926,0.40133521,-0.22554907,0.07051349,-0.81722760,0.46955556,-0.32660049,
u, 11009,,,,,,,,-0.00000006,0.00000000
p, 11012,-0.44764572,0.39835286,-0.21497791,0.07002898,-0.81793869,0.46996644,-0.32432926,
p, 11023,-0.43984154,0.39706767,-0.21322474,0.06946468,-0.81876981,0.47045058,-0.32163844,
p, 11033,-0.43222392,0.39597493,-0.20147626,0.06895113,-0.81949770,0.47086740,-0.31927848,
p, 11043,-0.43368703,0.39277354,-0.20619163,0.06847206,-0.82017636,0.47125751,-0.31705794,
p, 11053,-0.42890254,0.39507145,-0.21193676,0.06774522,-0.82114393,0.47179770,-0.31388196,
p, 11063,-0.42082638,0.39209291,-0.20372382,0.06714901,-0.82193160,0.47223723,-0.31127852,
p, 11074,-0.42307493,0.38749087,-0.19759555,0.06663342,-0.82262009,0.47262558,-0.30897647,
p, 11085,-0.42240632,0.37962800,-0.18859574,0.06616215,-0.82325876,0.47299060,-0.30681384,
p, 11095,-0.42394120,0.37964860,-0.19087075,0.06570884,-0.82387125,0.47334194,-0.30472022,
p, 11105,-0.41417244,0.37630194,-0.18514943,0.06526066,-0.82446182,0.47367710,-0.30269337,
u, 11110,,,,,,,,-0.00000000,0.00000000
p, 11115,-0.41604769,0.36425266,-0.17520869,0.06485173,-0.82503068,0.47401124,-0.30070275,
p, 11126,-0.41177446,0.37006122,-0.17195493,0.06420800,-0.82587254,0.47449255,-0.29774767,
p, 11136,-0.40215340,0.36369577,-0.17759886,0.06357171,-0.82669419,0.47496140,-0.29483855,
p, 11147,-0.39317721,0.35742313,-0.17950530,0.06303948,-0.82737041,0.47534525,-0.29243100,
p, 11158,-0.39425096,0.36145082,-0.17757460,0.06257008,-0.82797295,0.47569096,-0.29026002,
p, 11169,-0.40302759,0.35502654,-0.17253517,0.06214358,-0.82853246,0.47601733,-0.28821573,
p, 11179,-0.39980939,0.35507217,-0.16911519,0.06172429,-0.82907152,0.47632974,-0.28623477,
p, 11189,-0.39695668,0.34617621,-0.16702372,0.06131627,-0.82959235,0.47663170,-0.28430569,
p, 11199,-0.39220393,0.33931735,-0.16628316,0.06081025,-0.83022588,0.47699717,-0.28193921,
p, 11209,-0.38177854,0.34648514,-0.16239573,0.06034863,-0.83078778,0.47731751,-0.27983412,
u, 11210,,,,,,,,-0.00000000,0.00000000
p, 11219,-0.37048522,0.33872414,-0.16013157,0.05991794,-0.83130682,0.47761309,-0.27787548,
p, 11229,-0.37242216,0.34241962,-0.15300280,0.05931126,-0.83203751,0.47803164,-0.27507764,
p, 11240,-0.37243697,0.33270121,-0.15623620,0.05882058,-0.83263093,0.47837371,-0.27278495,
p, 11251,-0.37490869,0.33309865,-0.14976574,0.05837809,-0.83315629,0.47867474,-0.27074331,
p, 11261,-0.37614453,0.33222163,-0.14649999,0.05796853,-0.83364570,0.47895750,-0.26882052,
p, 11271,-0.37702948,0.32899839,-0.14778155,0.05757529,-0.83411288,0.47922778,-0.26696962,
p, 11281,-0.36726382,0.31974974,-0.14599618,0.05719802,-0.83456159,0.47948867,-0.26517522,
p, 11291,-0.36853027,0.31860441,-0.14414982,0.05663674,-0.83521891,0.47987032,-0.26251495,
p, 11302,-0.35874176,0.31820723,-0.13522342,0.05616851,-0.83575571,0.48017946,-0.26033407,
u, 11311,,,,,,,,-0.00000000,0.00000000
p, 11313,-0.35852432,0.32379174,-0.13764192,0.05575152,-0.83623338,0.48045564,-0.25837547,
p, 11323,-0.34871101,0.31990826,-0.13451767,0.05535457,-0.83667850,0.48071116,-0.25654021,
p, 11333,-0.35287571,0.31958395,-0.13519859,0.05496496,-0.83710945,0.48095769,-0.25475144,
p, 11343,-0.35396624,0.31444743,-0.13177013,0.05449916,-0.83762318,0.48125270,-0.25259423,
p, 11353,-0.34971261,0.31109333,-0.12796545,0.05408538,-0.83807558,0.48151225,-0.25068167,
p, 11363,-0.34351170,0.31059122,-0.12250781,0.05370301,-0.83849508,0.48175448,-0.24889085,
p, 11373,-0.34388262,0.29885793,-0.12503564,0.05335727,-0.83889145,0.48198980,-0.24716938,
p, 11384,-0.34036019,0.30097163,-0.12510937,0.05282690,-0.83946526,0.48232245,-0.24466664,
p, 11395,-0.33797336,0.30272275,-0.11847052,0.05238343,-0.83993608,0.48259363,-0.24260384,
p, 11406,-0.34070146,0.29504576,-0.11906497,0.05191990,-0.84043956,0.48288882,-0.24036092,
u, 11411,,,,,,,,-0.00000000,0.00000000
p, 11417,-0.33265084,0.29874510,-0.12100252,0.05151439,-0.84087014,0.48313928,-0.23843366,
p, 11427,-0.33217320,0.29814574,-0.12290208,0.05114061,-0.84125954,0.48336440,-0.23668066,
p, 11437,-0.32087177,0.30097413,-0.11527642,0.05076022,-0.84162873,0.48357016,-0.23502603,
p, 11447,-0.31754801,0.29823792,-0.11533932,0.05040308,-0.84198350,0.48377150,-0.23341377,
p, 11457,-0.31360495,0.29101044,-0.10681059,0.05004963,-0.84232843,0.48396605,-0.23183766,
p, 11467,-0.32216197,0.28959396,-0.09860946,0.04953831,-0.84283340,0.48425487,-0.22949055,
p, 11477,-0.31286779,0.29087698,-0.10074974,0.04904471,-0.84332585,0.48453969,-0.22717164,
p, 11488,-0.30087358,0.28396541,-0.09526622,0.04861791,-0.84372884,0.48476645,-0.22527811,
p, 11499,-0.29870644,0.27835813,-0.10232824,0.04825000,-0.84408450,0.48497027,-0.22358285,
p, 11510,-0.30002612,0.28071958,-0.10396716,0.04790030,-0.84441376,0.48515695,-0.22200674,
u, 11511,,,,,,,,-0.00000000,0.00000000
p, 11520,-0.30430230,0.27534667,-0.09995721,0.04756119,-0.84472990,0.48533589,-0.22048260,
p, 11530,-0.30148131,0.27877897,-0.09360348,0.04722290,-0.84504151,0.48551184,-0.21896943,
p, 11540,-0.29824737,0.27618453,-0.08909148,0.04673547,-0.84549308,0.48576957,-0.21674144,
p, 11550,-0.29902601,0.26858544,-0.09814987,0.04633093,-0.84586442,0.48598111,-0.21489824,
p, 11560,-0.29522681,0.26564038,-0.09269981,0.04590654,-0.84625846,0.48620829,-0.21291405,
p, 11570,-0.28791034,0.26401526,-0.08471050,0.04555498,-0.84659266,0.48640430,-0.21120864,
p, 11581,-0.29302591,0.26350787,-0.08522482,0.04521681,-0.84689867,0.48657978,-0.20964697,
p, 11592,-0.29092214,0.26234627,-0.08608470,0.04489535,-0.84718800,0.48674592,-0.20815794,
p, 11602,-0.28256893,0.25602055,-0.08373754,0.04458658,-0.84746170,0.48690245,-0.20674071,
u, 11611,,,,,,,,-0.00000000,0.00000000
p, 11612,-0.28618193,0.24835634,-0.08368548,0.04430736,-0.84772593,0.48705971,-0.20534316,
p, 11622,-0.28190780,0.25194764,-0.08040170,0.04401418,-0.84798676,0.48721039,-0.20396781,
p, 11632,-0.28076255,0.24176514,-0.08274236,0.04358426,-0.84836924,0.48743287,-0.20192194,
p, 11642,-0.28090709,0.24750763,-0.08186801,0.04322523,-0.84868777,0.48761857,-0.20020530,
p, 11652,-0.28097937,0.25037888,-0.08143083,0.04304571,-0.84884703,0.48771143,-0.19934699,
p, 11662,-0.27909291,0.25065482,-0.07909890,0.04260606,-0.84923106,0.48793578,-0.19723859,
p, 11673,-0.27696711,0.24750453,-0.07715473,0.04224499,-0.84954190,0.48811650,-0.19552389,
p, 11684,-0.26592496,0.23777357,-0.08615427,0.04192866,-0.84981352,0.48827490,-0.19401239,
p, 11694,-0.26826978,0.23331244,-0.07158055,0.04164103,-0.85006225,0.48842108,-0.19261375,
p, 11704,-0.26654303,0.23781100,-0.07280047,0.04136031,-0.85030186,0.48856166,-0.19125654,
u, 11712,,,,,,,,-0.00000000,0.00000000
p, 11714,-0.26013309,0.23510118,-0.06754342,0.04108665,-0.85053140,0.48869559,-0.18994927,
p, 11724,-0.25967470,0.23293754,-0.06808110,0.04081963,-0.85075557,0.48882696,-0.18866137,
p, 11734,-0.25614959,0.23354183,-0.06687746,0.04046930,-0.85103190,0.48898426,-0.18707398,
p, 11744,-0.25373092,0.23131865,-0.07506470,0.04015785,-0.85127747,0.48912454,-0.18565178,
p, 11754,-0.25334555,0.22694167,-0.07135346,0.03986013,-0.85150707,0.48925450,-0.18431672,
p, 11765,-0.24505809,0.22925453,-0.06588151,0.03943553,-0.85182822,0.48943549,-0.18242940,
p, 11776,-0.25464725,0.22354451,-0.07074440,0.03911214,-0.85208869,0.48958820,-0.18086714,
p, 11787,-0.25175905,0.22113200,-0.06882709,0.03881986,-0.85231692,0.48972028,-0.17949402,
p, 11798,-0.24119782,0.21315846,-0.06670877,0.03848876,-0.85257667,0.48987195,-0.17791006,
p, 11808,-0.23923600,0.21278803,-0.06644307,0.03818726,-0.85280204,0.49000049,-0.17653725,
u, 11812,,,,,,,,-0.00000000,0.00000000
p, 11818,-0.23861367,0.21086332,-0.06563120,0.03791581,-0.85300946,0.49012086,-0.17525615,
p, 11828,-0.23782948,0.21302138,-0.06365362,0.03752986,-0.85329914,0.49028844,-0.17344680,
p, 11838,-0.23342432,0.21163613,-0.06395419,0.03721127,-0.85353518,0.49042451,-0.17196420,
p, 11849,-0.23331982,0.21994618,-0.06003038,0.03692264,-0.85374403,0.49054393,-0.17064583,
p, 11859,-0.23326758,0.22410120,-0.05806847,0.03677832,-0.85384846,0.49060363,-0.16998667,
p, 11870,-0.22825183,0.21387249,-0.04804669,0.03642146,-0.85411584,0.49076092,-0.16825178,
p, 11881,-0.22810143,0.20582846,-0.05387716,0.03612272,-0.85433513,0.49088895,-0.16682369,
p, 11891,-0.21869549,0.20520915,-0.05152812,0.03584417,-0.85452950,0.49099976,-0.16555908,
p, 11901,-0.21979086,0.20367879,-0.05754812,0.03557903,-0.85471034,0.49110192,-0.16437680,
p, 11911,-0.22657940,0.20392069,-0.05176143,0.03520321,-0.85496378,0.49124500,-0.16269991,
u, 11912,,,,,,,,-0.00000000,0.00000000
p, 11922,-0.21530996,0.20282857,-0.04875364,0.03488535,-0.85516977,0.49135900,-0.16133714,
p, 11933,-0.21621364,0.19547710,-0.05177397,0.03461212,-0.85535157,0.49146169,-0.16011646,
p, 11944,-0.21540663,0.19282369,-0.05660293,0.03436647,-0.85551846,0.49155754,-0.15898106,
p, 11954,-0.21253882,0.19496074,-0.04988502,0.03412735,-0.85567760,0.49164823,-0.15789321,
p, 11964,-0.20596272,0.19486196,-0.04570209,0.03389617,-0.85583109,0.49173594,-0.15683529,
p, 11974,-0.20935801,0.19645289,-0.05336099,0.03360330,-0.85601950,0.49184221,-0.15552980,
p, 11984,-0.21296300,0.19779004,-0.04756978,0.03335112,-0.85618758,0.49193937,-0.15434751,
p, 11994,-0.20986742,0.19578832,-0.04311778,0.03309543,-0.85634637,0.49202782,-0.15323649,
p, 12004,-0.20730492,0.18905780,-0.04195989,0.03275675,-0.85656643,0.49215463,-0.15165961,
u, 12012,,,,,,,,-0.00000000,0.00000000
p, 12015,-0.20797680,0.18138193,-0.04424197,0.03248436,-0.85674453,0.49225789,-0.15037265,
p, 12026,-0.20319343,0.17763555,-0.03897431,0.03224581,-0.85689992,0.49234825,-0.14924036,
p, 12037,-0.20508945,0.18162173,-0.03881241,0.03196882,-0.85707736,0.49245107,-0.14793552,
p, 12047,-0.19995683,0.17857942,-0.03258217,0.03172706,-0.85723078,0.49253988,-0.14679952,
p, 12057,-0.20007607,0.17959122,-0.03721851,0.03150590,-0.85737264,0.49262279,-0.14573815,
p, 12067,-0.19627522,0.18359140,-0.03997919,0.03127813,-0.85750794,0.49269885,-0.14473143,
p, 12077,-0.20246196,0.17968632,-0.03931485,0.03096602,-0.85770172,0.49281129,-0.14325622,
p, 12087,-0.19728506,0.17781007,-0.03699141,0.03069641,-0.85786188,0.49290228,-0.14203759,
p, 12098,-0.18601435,0.16968507,-0.04069724,0.03045715,-0.85799903,0.49297887,-0.14099291,
p, 12109,-0.18115720,0.16765961,-0.03885753,0.03022692,-0.85812879,0.49305093,-0.13999826,
u, 12112,,,,,,,,-0.00000000,0.00000000
p, 12119,-0.18442015,0.16556351,-0.03792242,0.03001185,-0.85825062,0.49311906,-0.13905549,
p, 12129,-0.18025330,0.16346261,-0.03500583,0.02982262,-0.85836637,0.49318695,-0.13813879,
p, 12139,-0.18066467,0.16566227,-0.03498185,0.02961194,-0.85848492,0.49325353,-0.13720688,
p, 12149,-0.17598754,0.16805148,-0.03043801,0.02935094,-0.85862815,0.49333322,-0.13607398,
p, 12159,-0.18297210,0.16741502,-0.03132465,0.02912332,-0.85875654,0.49340606,-0.13504493,
p, 12169,-0.18200119,0.16102380,-0.03689493,0.02881155,-0.85892898,0.49350345,-0.13364863,
p, 12179,-0.17671683,0.15603527,-0.03699452,0.02856581,-0.85906726,0.49358264,-0.13251644,
p, 12190,-0.17467739,0.15151922,-0.04072169,0.02835402,-0.85918641,0.49365115,-0.13153231,
p, 12201,-0.18057752,0.15090916,-0.03845014,0.02816837,-0.85929608,0.49371612,-0.13061035,
p, 12211,-0.17752326,0.15464006,-0.02437491,0.02797082,-0.85940361,0.49377730,-0.12971202,
u, 12212,,,,,,,,-0.00000000,0.00000000
p, 12221,-0.17267734,0.15909189,-0.02907130,0.02777198,-0.85950863,0.49383634,-0.12883145,
p, 12231,-0.17328325,0.15365788,-0.03143476,0.02757471,-0.85961187,0.49389419,-0.12796083,
p, 12241,-0.16438515,0.15010928,-0.02887046,0.02733767,-0.85973477,0.49396306,-0.12691468,
p, 12251,-0.16545215,0.14973116,-0.02957195,0.02712017,-0.85984361,0.49402303,-0.12598729,
p, 12261,-0.16330774,0.14600205,-0.02778646,0.02683350,-0.85999143,0.49410647,-0.12470262,
p, 12272,-0.16843060,0.14431298,-0.03229533,0.02660625,-0.86011273,0.49417651,-0.12363325,
p, 12283,-0.16846670,0.14488751,-0.02995687,0.02640494,-0.86021721,0.49423614,-0.12270948,
p, 12293,-0.15621668,0.14609030,-0.02248576,0.02619901,-0.86031413,0.49428850,-0.12186155,
p, 12303,-0.15852979,0.14299144,-0.02513601,0.02601463,-0.86040604,0.49434018,-0.12104077,
u, 12312,,,,,,,,-0.00000000,0.00000000
p, 12313,-0.15594794,0.13800877,-0.03188563,0.02584252,-0.86049348,0.49439013,-0.12025017,
p, 12323,-0.15361178,0.14522204,-0.02798963,0.02565644,-0.86058044,0.49443755,-0.11947010,
p, 12333,-0.14547807,0.14023797,-0.02249396,0.02538886,-0.86070597,0.49450654,-0.11832905,
p, 12344,-0.15324441,0.13750181,-0.02272922,0.02519543,-0.86080909,0.49456772,-0.11736082,
p, 12355,-0.14633961,0.12977843,-0.02364793,0.02501609,-0.86089969,0.49462014,-0.11651161,
p, 12365,-0.15889367,0.13565949,-0.02513726,0.02485028,-0.86098576,0.49467087,-0.11569418,
p, 12375,-0.15118603,0.13903488,-0.02252499,0.02466970,-0.86107016,0.49471802,-0.11490063,
p, 12385,-0.15019324,0.13582450,-0.02397307,0.02450066,-0.86115086,0.49476385,-0.11413237,
p, 12395,-0.15275623,0.13032070,-0.02320937,0.02430929,-0.86124802,0.49482116,-0.11318700,
p, 12405,-0.15097833,0.13004835,-0.02542152,0.02407719,-0.86136901,0.49489403,-0.11198769,
u, 12412,,,,,,,,-0.00000000,0.00000000
p, 12415,-0.14273465,0.12894323,-0.02392597,0.02388135,-0.86146522,0.49495041,-0.11103731,
p, 12426,-0.17480665,0.21813525,0.01291647,0.02352497,-0.86154664,0.49502206,-0.11015978,
p, 12437,-0.23521522,0.36189812,-0.02576833,0.02296078,-0.86159647,0.49517736,-0.10918517,
p, 12447,-0.05210163,0.27324185,0.02227972,0.02242695,-0.86158812,0.49531582,-0.10873604,
p, 12457,-0.37666726,0.68666214,0.00698184,0.02211402,-0.86152136,0.49548620,-0.10855563,
p, 12467,-0.20819294,0.47548744,-0.05651427,0.02207283,-0.86135936,0.49582541,-0.10830217,
p, 12478,-0.14496714,0.47849691,-0.36507964,0.02192352,-0.86128938,0.49599653,-0.10810637,
p, 12488,0.00969264,0.39620036,-0.19470108,0.02142800,-0.86125976,0.49605072,-0.10819285,
p, 12499,0.02133344,0.26663503,0.11544091,0.02142788,-0.86125839,0.49598050,-0.10852532,
p, 12510,-0.09320749,0.19796138,0.12004498,0.02145644,-0.86113417,0.49612027,-0.10886654,
u, 12512,,,,,,,,-0.00000000,0.00777875
p, 12521,-0.31212193,0.12263944,-0.33905590,0.02136530,-0.86104143,0.49625701,-0.10899514,
p, 12532,-0.05235460,0.18196334,-0.15614599,0.02090160,-0.86112022,0.49616197,-0.10889432,
p, 12542,0.03652869,-0.07910805,0.12329724,0.02070471,-0.86123574,0.49598104,-0.10884291,
p, 12552,-0.01382489,0.00356731,0.24684455,0.02071351,-0.86120915,0.49600747,-0.10893169,
p, 12562,-0.15174124,0.07065420,0.05198062,0.02069968,-0.86108828,0.49618214,-0.10909409,
p, 12572,-0.30257046,0.11867823,-0.26126403,0.02059272,-0.86099929,0.49632421,-0.10917078,
p, 12582,-0.07064253,0.02490766,0.02653351,0.02030538,-0.86112905,0.49613404,-0.10906512,
p, 12593,-0.00487235,-0.08860513,0.22412033,0.02030388,-0.86119074,0.49603361,-0.10903560,
p, 12604,-0.18951656,0.13716258,0.14727744,0.02021870,-0.86117548,0.49613768,-0.10869759,
u, 12613,,,,,,,,-0.00000000,0.00015558
p, 12615,-0.30607724,0.19699162,-0.17825337,0.02010906,-0.86109293,0.49631941,-0.10854234,
p, 12625,-0.12220061,0.24639925,-0.12187967,0.01962495,-0.86118472,0.49625057,-0.10821614,
p, 12635,0.06368607,0.03338639,0.12425609,0.01919301,-0.86128306,0.49609122,-0.10824116,
p, 12645,-0.01835838,-0.04116050,0.25853154,0.01908814,-0.86133027,0.49600422,-0.10828359,
p, 12655,-0.34866434,0.12448506,-0.16636564,0.01894645,-0.86129749,0.49613512,-0.10796916,
p, 12665,-0.32771352,0.26753429,-0.28134108,0.01876155,-0.86132991,0.49614483,-0.10769798,
p, 12676,0.00809453,0.01506139,0.07524133,0.01837531,-0.86142820,0.49601340,-0.10758360,
p, 12687,0.06602084,-0.09046125,0.25450146,0.01830591,-0.86147839,0.49594259,-0.10752070,
p, 12697,-0.03129012,0.07611489,0.18636328,0.01839153,-0.86142421,0.49601573,-0.10760300,
p, 12708,-0.34859946,0.22461903,-0.20193860,0.01831471,-0.86137956,0.49608931,-0.10763438,
u, 12714,,,,,,,,-0.00777875,0.00000311
p, 12718,-0.15702678,0.21417719,-0.16752051,0.01822037,-0.86141348,0.49605525,-0.10753561,
p, 12728,0.12091898,-0.11675021,0.08309460,0.01798809,-0.86145604,0.49587458,-0.10806393,
p, 12738,0.05187642,-0.07592271,0.26012182,0.01797103,-0.86144972,0.49581444,-0.10839310,
p, 12749,-0.26387960,0.06061805,-0.15044904,0.01794979,-0.86132514,0.49596351,-0.10870420,
p, 12760,-0.18645182,0.19595844,-0.26361716,0.01786221,-0.86132061,0.49597782,-0.10868992,
p, 12770,-0.20204397,0.03999582,0.09316701,0.01723773,-0.86139715,0.49574363,-0.10924852,
p, 12781,-0.17649195,0.03125890,0.28913721,0.01702420,-0.86141819,0.49565855,-0.10950328,
p, 12792,-0.24471723,0.14092699,0.07997052,0.01703268,-0.86134875,0.49574065,-0.10967748,
p, 12802,-0.37335044,0.09863122,-0.25217476,0.01686281,-0.86125529,0.49587342,-0.10983758,
p, 12812,-0.14624706,0.33917919,-0.26555270,0.01677672,-0.86129797,0.49583954,-0.10966907,
u, 12815,,,,,,,,-0.01571308,-0.00777869
p, 12822,0.04482691,0.10750921,-0.02889451,0.01627135,-0.86139536,0.49565905,-0.10979533,
p, 12832,-0.12761095,0.09798983,0.15137000,0.01613004,-0.86139774,0.49561018,-0.11001845,
p, 12842,-0.21382989,0.09323014,0.24150226,0.01605938,-0.86139894,0.49558574,-0.11013000,
p, 12853,-0.04527707,0.15561622,0.09838174,0.01566754,-0.86140370,0.49559018,-0.11012888,
p, 12864,0.02457979,-0.02917889,0.10907399,0.01535740,-0.86150515,0.49540815,-0.11019781,
p, 12875,-0.13626204,-0.07912649,0.29696864,0.01524376,-0.86154449,0.49530286,-0.11037920,
p, 12885,-0.21192986,0.05355351,0.20268354,0.01528358,-0.86151230,0.49533820,-0.11046708,
p, 12895,-0.37870815,0.18472049,-0.17311044,0.01516055,-0.86139309,0.49551731,-0.11061013,
p, 12905,-1.43318188,1.36534762,-0.68999457,0.01485151,-0.86145210,0.49545753,-0.11045945,
u, 12915,,,,,,,,-0.00031426,-0.00015557
p, 12915,-0.09783179,0.78351915,0.61941159,0.01481673,-0.86153841,0.49531740,-0.11042008,
p, 12926,-0.48409656,0.70895928,0.43994719,0.01519911,-0.86159205,0.49513596,-0.11076166,
p, 12937,-0.37112999,0.45151791,-0.00322434,0.01564926,-0.86145324,0.49537408,-0.11071350,
p, 12948,-0.22677135,0.72074646,-0.08049248,0.01578463,-0.86149156,0.49532199,-0.11063029,
p, 12958,-0.06805182,0.04482910,0.32030368,0.01584549,-0.86157787,0.49516648,-0.11064574,
p, 12968,-0.08427310,-0.50998747,0.21385515,0.01607558,-0.86175120,0.49488187,-0.11053577,
p, 12978,-0.01762331,0.17648667,0.24499673,0.01558720,-0.86174595,0.49496731,-0.11026265,
p, 12988,-0.26938599,0.24237236,0.11348805,0.01536255,-0.86172366,0.49511218,-0.10981671,
p, 12999,-0.20722565,0.25991911,-0.04252203,0.01505962,-0.86180401,0.49506480,-0.10944091,
p, 13010,-0.17999832,-0.08580735,0.13664457,0.01485769,-0.86187625,0.49490792,-0.10961019,
u, 13015,,,,,,,,0.03888747,-0.00000311
p, 13021,-0.21737954,0.01506446,0.27599442,0.01489131,-0.86189532,0.49484056,-0.10976022,
p, 13032,-0.31392050,0.05298053,-0.03798240,0.01483384,-0.86171466,0.49508461,-0.11008509,
p, 13042,-0.27794719,0.26771647,-0.23687908,0.01476778,-0.86171532,0.49509054,-0.11006244,
p, 13052,0.04523051,0.19306234,-0.08513723,0.01447139,-0.86180401,0.49492306,-0.11016060,
p, 13062,-0.08005351,-0.08079885,0.15137058,0.01434875,-0.86189008,0.49476326,-0.11022137,
p, 13072,-0.15936574,0.02936376,0.30790117,0.01436750,-0.86184490,0.49481243,-0.11035179,
p, 13082,-0.27347714,0.01281268,-0.09582816,0.01436668,-0.86173689,0.49495390,-0.11056035,
p, 13092,-0.22812346,0.22006753,-0.26833493,0.01427300,-0.86172736,0.49497798,-0.11053900,
p, 13102,-0.16433944,0.01331593,0.08636019,0.01423294,-0.86179137,0.49488378,-0.11046684,
p, 13113,-0.22900504,0.06334437,0.21871720,0.01431313,-0.86176163,0.49491006,-0.11057106,
u, 13116,,,,,,,,0.24969776,-0.04667256
p, 13124,-0.42015132,0.24531049,-0.10619468,0.01436532,-0.86172259,0.49497882,-0.11056106,
p, 13134,-0.37946349,0.27213797,-0.30210552,0.01425364,-0.86169863,0.49501461,-0.11060196,
p, 13144,-0.09981170,0.21321742,-0.18536977,0.01414331,-0.86176789,0.49493733,-0.11042179,
p, 13155,-0.10244186,0.21168837,0.14107212,0.01416156,-0.86180294,0.49490249,-0.11030204,
p, 13165,-0.22759727,0.29606026,0.26250690,0.01422908,-0.86179650,0.49490917,-0.11031411,
p, 13175,-0.37431955,0.26315770,-0.09441641,0.01427114,-0.86175108,0.49502563,-0.11014035,
p, 13185,-0.22913671,0.29496235,-0.40686548,0.01416497,-0.86176825,0.49504060,-0.10995230,
p, 13196,-0.20140612,0.15489694,0.11044818,0.01393680,-0.86186516,0.49486911,-0.10999361,
p, 13207,-0.28055078,0.21285497,0.10747018,0.01395987,-0.86186671,0.49490619,-0.10981184,
u, 13217,,,,,,,,-0.00278480,-0.00093345
p, 13218,-0.41829816,0.20909625,-0.17429988,0.01394719,-0.86184371,0.49496475,-0.10973030,
p, 13229,-0.25095052,0.31746164,-0.39054808,0.01382506,-0.86185557,0.49499038,-0.10953674,
p, 13239,-0.00018534,0.08665593,-0.26399201,0.01366234,-0.86193216,0.49491045,-0.10931486,
p, 13249,-0.08637349,0.01615206,0.06394973,0.01359932,-0.86200356,0.49482325,-0.10915437,
p, 13259,-0.20817241,0.11706193,-0.08029930,0.01364999,-0.86192942,0.49491245,-0.10932951,
p, 13269,-0.27119285,0.14781013,-0.42948529,0.01361868,-0.86190915,0.49494606,-0.10934080,
p, 13280,-0.05534282,0.20644291,-0.28169823,0.01350261,-0.86201215,0.49482214,-0.10910381,
p, 13290,-0.14157064,0.15809968,0.14490223,0.01363323,-0.86204743,0.49475175,-0.10912796,
p, 13301,-0.21973398,0.18609025,0.27124262,0.01372364,-0.86200738,0.49479365,-0.10924315,
p, 13312,-0.25118625,0.08333290,-0.10308719,0.01361318,-0.86199397,0.49492806,-0.10875175,
u, 13317,,,,,,,,-0.00005570,0.00776008
p, 13322,-0.19024462,0.23481983,-0.29656160,0.01345101,-0.86201572,0.49496356,-0.10843781,
p, 13332,-0.15746972,0.05996057,-0.23893327,0.01326572,-0.86216486,0.49477452,-0.10813733,
p, 13342,-0.13385724,-0.06103076,0.14505973,0.01304980,-0.86228740,0.49457252,-0.10811044,
p, 13352,-0.27132010,0.06003027,-0.00480168,0.01324858,-0.86227411,0.49457100,-0.10819964,
p, 13362,-0.34005153,0.12056080,-0.07973238,0.01334797,-0.86226749,0.49457026,-0.10824424,
p, 13372,-0.13263410,0.08391626,-0.04925798,0.01305274,-0.86237651,0.49441034,-0.10814164,
p, 13382,-0.15020224,0.02387647,0.22131218,0.01287122,-0.86242664,0.49431902,-0.10818122,
p, 13393,-0.10402416,0.08002295,0.33037502,0.01292509,-0.86238539,0.49433833,-0.10841506,
p, 13404,-0.23507941,0.22581011,-0.07804522,0.01307943,-0.86239159,0.49439427,-0.10809109,
p, 13414,-0.25454074,0.09339669,-0.16459481,0.01315606,-0.86244130,0.49433371,-0.10796285,
u, 13417,,,,,,,,-0.00000111,-0.00762355
p, 13424,-0.02567735,0.02022435,-0.46752843,0.01313355,-0.86259425,0.49413264,-0.10766355,
p, 13434,-0.02424462,0.06212176,-0.30885273,0.01287460,-0.86274815,0.49394035,-0.10734252,
p, 13445,-0.10214917,-0.08238822,-0.15555552,0.01281775,-0.86294812,0.49374390,-0.10664165,
p, 13456,-0.13323553,0.01900944,-0.12253179,0.01278613,-0.86305475,0.49367100,-0.10611919,
p, 13467,-0.12782839,0.03916781,-0.08101077,0.01276567,-0.86314231,0.49363083,-0.10559518,
p, 13478,-0.13089265,0.07646867,-0.06076143,0.01269285,-0.86323398,0.49363816,-0.10481608,
p, 13488,-0.14530319,0.08765756,-0.04708146,0.01262818,-0.86330998,0.49366060,-0.10408907,
p, 13498,-0.13981315,0.09927159,-0.02277779,0.01257275,-0.86336946,0.49369749,-0.10342537,
p, 13508,-0.14328609,0.10333148,-0.02596867,0.01248416,-0.86345947,0.49375302,-0.10241222,
u, 13517,,,,,,,,-0.00000002,-0.00015247
p, 13519,-0.14985198,0.10063119,-0.01254183,0.01242482,-0.86353207,0.49379945,-0.10158008,
p, 13530,-0.14893875,0.10256932,-0.01374772,0.01236437,-0.86359704,0.49384022,-0.10083508,
p, 13541,-0.14816932,0.10636126,-0.02154519,0.01232060,-0.86365747,0.49387980,-0.10012728,
p, 13551,-0.14211598,0.10564797,-0.01407612,0.01225478,-0.86371768,0.49391651,-0.09943295,
p, 13561,-0.13883753,0.10588643,-0.01045603,0.01217953,-0.86377549,0.49395031,-0.09877037,
p, 13571,-0.13738140,0.10029887,-0.00332067,0.01208517,-0.86384714,0.49399215,-0.09794154,
p, 13581,-0.13882773,0.11586141,-0.01085375,0.01197358,-0.86391306,0.49402770,-0.09719207,
p, 13591,-0.12706921,0.11260295,-0.01656579,0.01182365,-0.86400127,0.49407536,-0.09617630,
p, 13602,-0.12852941,0.11082876,-0.01857495,0.01169780,-0.86407173,0.49411279,-0.09536398,
p, 13613,-0.13605732,0.10762995,-0.01945746,0.01160862,-0.86413324,0.49414802,-0.09463318,
u, 13617,,,,,,,,-0.00000000,-0.00000305
p, 13624,-0.13738748,0.11028013,-0.01757938,0.01151401,-0.86419034,0.49417943,-0.09395751,
p, 13634,-0.13487111,0.09881835,-0.01530519,0.01144361,-0.86424285,0.49421027,-0.09331952,
p, 13644,-0.12508327,0.09126403,-0.01357301,0.01137068,-0.86429334,0.49423942,-0.09270477,
p, 13654,-0.12650648,0.08992065,-0.02302948,0.01130752,-0.86435443,0.49427766,-0.09193494,
p, 13664,-0.12334998,0.08599121,-0.01105698,0.01124514,-0.86440718,0.49430987,-0.09127135,
p, 13674,-0.12325183,0.08466735,-0.01765923,0.01118377,-0.86445671,0.49433982,-0.09064625,
p, 13684,-0.13054986,0.08549316,-0.02000668,0.01108011,-0.86452889,0.49438202,-0.08973393,
p, 13695,-0.12351773,0.09238342,-0.01082731,0.01097788,-0.86458737,0.49441427,-0.08900289,
p, 13706,-0.12200056,0.09570648,-0.01102126,0.01088023,-0.86463946,0.49444228,-0.08835189,
p, 13716,-0.12126487,0.08585525,-0.01272804,0.01082335,-0.86468542,0.49447030,-0.08775095,
u, 13717,,,,,,,,-0.00000000,-0.00000006
p, 13726,-0.11997387,0.07918251,-0.01910511,0.01077963,-0.86472774,0.49449712,-0.08718667,
p, 13736,-0.11645208,0.08623737,-0.00486048,0.01071386,-0.86477071,0.49452204,-0.08662573,
p, 13746,-0.11720889,0.08974192,-0.01370648,0.01062024,-0.86482418,0.49455190,-0.08592910,
p, 13756,-0.11445162,0.08605443,-0.01461997,0.01054838,-0.86487120,0.49457932,-0.08530512,
p, 13766,-0.11591111,0.08602648,-0.01050670,0.01044701,-0.86493337,0.49461496,-0.08447522,
p, 13776,-0.10937767,0.08203760,-0.01397375,0.01036592,-0.86498398,0.49464422,-0.08379330,
p, 13787,-0.10863629,0.08702405,-0.00804736,0.01027430,-0.86502957,0.49466869,-0.08318802,
p, 13798,-0.11463614,0.08602301,-0.00718988,0.01020451,-0.86507243,0.49469346,-0.08260240,
p, 13808,-0.11209712,0.08641513,-0.00666959,0.01013099,-0.86511326,0.49471635,-0.08204510,
u, 13817,,,,,,,,-0.00000000,-0.00000000
p, 13818,-0.11332242,0.08557359,-0.00852278,0.01006898,-0.86515236,0.49473917,-0.08150130,
p, 13828,-0.11378249,0.08297081,-0.00809135,0.00998958,-0.86520046,0.49476704,-0.08082798,
p, 13838,-0.11165504,0.08744488,-0.01584835,0.00990722,-0.86524326,0.49479070,-0.08023326,
p, 13848,-0.11311664,0.08427267,-0.00964079,0.00984430,-0.86528182,0.49481320,-0.07968531,
p, 13858,-0.11125346,0.08482280,-0.00987105,0.00977859,-0.86531854,0.49483413,-0.07916324,
p, 13868,-0.10125051,0.08064230,-0.01399162,0.00970029,-0.86536914,0.49486420,-0.07842676,
p, 13879,-0.10465662,0.08238963,-0.01280178,0.00961879,-0.86541188,0.49488813,-0.07781220,
p, 13890,-0.10252973,0.08078374,-0.01407606,0.00955597,-0.86544997,0.49491048,-0.07725270,
p, 13900,-0.11202537,0.07531161,-0.00853339,0.00951073,-0.86548549,0.49493265,-0.07671676,
p, 13910,-0.10902935,0.07035539,-0.00568576,0.00947782,-0.86551911,0.49495465,-0.07619818,
u, 13917,,,,,,,,-0.00000000,-0.00000000
p, 13921,-0.11110190,0.07391213,-0.00874803,0.00942461,-0.86556786,0.49498615,-0.07544065,
p, 13932,-0.11150493,0.07296681,-0.00483941,0.00937216,-0.86560792,0.49501124,-0.07482079,
p, 13942,-0.10353536,0.07416499,-0.01062893,0.00930944,-0.86564320,0.49503183,-0.07428322,
p, 13952,-0.10402903,0.07229215,-0.00734389,0.00925879,-0.86567622,0.49505189,-0.07376979,
p, 13962,-0.09272496,0.07597914,-0.00344306,0.00919923,-0.86570638,0.49506903,-0.07330716,
p, 13972,-0.09149035,0.06998725,-0.00575748,0.00912722,-0.86574900,0.49509442,-0.07263732,
p, 13983,-0.09442835,0.06676243,-0.00758608,0.00907618,-0.86578333,0.49511552,-0.07208928,
p, 13994,-0.10357251,0.06390642,-0.00965241,0.00902786,-0.86581475,0.49513474,-0.07158474,
p, 14004,-0.09729560,0.06344735,-0.00476517,0.00898302,-0.86584377,0.49515253,-0.07111502,
p, 14014,-0.09867374,0.05933445,-0.01690895,0.00895687,-0.86587065,0.49517041,-0.07066540,
u, 14017,,,,,,,,-0.00000000,-0.00000000
p, 14024,-0.09630342,0.06214556,-0.01535145,0.00903162,-0.86667347,0.49382663,-0.07019930,
p, 14034,-0.09794114,0.06086557,-0.01084955,0.00926851,-0.86863726,0.49041307,-0.06972240,
p, 14044,-0.09436546,0.06374272,-0.00777463,0.00933652,-0.86963868,0.48871663,-0.06917122,
p, 14054,-0.09440868,0.05761294,-0.00519957,0.00935147,-0.87015247,0.48787659,-0.06867398,
p, 14064,-0.08873877,0.06770112,-0.00044067,0.00932050,-0.87042236,0.48746306,-0.06821764,
p, 14075,-0.09254901,0.06933488,-0.00478271,0.00925923,-0.87058175,0.48727089,-0.06757322,
p, 14086,-0.09775003,0.07210488,-0.00225403,0.00921013,-0.87067413,0.48718283,-0.06703004,
p, 14097,-0.09437673,0.06740162,-0.00507904,0.00917508,-0.87073219,0.48714691,-0.06654401,
p, 14108,-0.08927210,0.06128870,-0.00812424,0.00931241,-0.87218177,0.48461312,-0.06597640,
u, 14117,,,,,,,,-0.00000000,-0.00000000
p, 14118,-0.08198957,0.06578534,-0.00324577,0.00944298,-0.87360799,0.48209983,-0.06546993,
p, 14128,-0.08169761,0.06414267,-0.00783321,0.00948486,-0.87433225,0.48084974,-0.06502092,
p, 14138,-0.07898815,0.06577800,0.00266756,0.00980322,-0.87738252,0.47530705,-0.06435783,
p, 14148,-0.07930426,0.06242239,-0.00032943,0.01008736,-0.88022542,0.47007585,-0.06380978,
p, 14159,-0.08669497,0.05956202,-0.00422355,0.01030116,-0.88229835,0.46624583,-0.06332359,
p, 14170,-0.08324159,0.06641737,-0.00636135,0.01052979,-0.88456202,0.46199715,-0.06285006,
p, 14180,-0.08801514,0.06400092,0.00067980,0.01077852,-0.88687289,0.45760164,-0.06238747,
p, 14190,-0.08935669,0.06016055,-0.00771674,0.01104588,-0.88919890,0.45311841,-0.06194138,
p, 14201,-0.08329834,0.05755373,-0.00449161,0.01143719,-0.89267075,0.44628316,-0.06127793,
p, 14212,-0.08337433,0.05457184,-0.00966921,0.01175489,-0.89551449,0.44061923,-0.06072517,
u, 14217,,,,,,,,-0.00000000,-0.00000000
p, 14222,-0.07508102,0.05794846,-0.00610871,0.01200711,-0.89802361,0.43555349,-0.06024060,
p, 14232,-0.07432182,0.06036919,-0.00940964,0.01222533,-0.90032184,0.43084985,-0.05979201,
p, 14242,-0.08460049,0.06185421,-0.00316368,0.01252159,-0.90345025,0.42430764,-0.05914848,
p, 14252,-0.07822706,0.05557005,-0.00048321,0.01277511,-0.90597808,0.41895717,-0.05862884,
p, 14263,-0.08716346,0.05708190,-0.00373587,0.01299447,-0.90818810,0.41422021,-0.05814232,
p, 14274,-0.08156848,0.05910430,-0.00726954,0.01320705,-0.91023350,0.40977436,-0.05768937,
p, 14284,-0.07943475,0.05649155,-0.00289472,0.01340675,-0.91216242,0.40552655,-0.05724855,
p, 14294,-0.08440274,0.05474266,-0.00627677,0.01360033,-0.91399169,0.40144807,-0.05681655,
p, 14304,-0.08247694,0.06413738,0.00549809,0.01376175,-0.91574550,0.39748919,-0.05640398,
p, 14314,-0.06929176,0.05181357,-0.00200407,0.01392533,-0.91743481,0.39362767,-0.05601649,
u, 14318,,,,,,,,-0.00000000,-0.00000000
p, 14325,-0.06778797,0.05741618,-0.01642104,0.01413340,-0.91989332,0.38789824,-0.05543300,
p, 14335,-0.06703608,0.06021749,-0.02362953,0.01423744,-0.92112255,0.38503352,-0.05514125,
p, 14345,-0.06493589,0.05467540,-0.01003711,0.01447670,-0.92400020,0.37811825,-0.05444659,
p, 14355,-0.06971465,0.04949346,-0.01077112,0.01465300,-0.92615640,0.37288532,-0.05390380,
p, 14366,-0.06918197,0.05644687,-0.00426404,0.01478024,-0.92792869,0.36853075,-0.05345452,
p, 14377,-0.07353905,0.05142442,-0.00365790,0.01489416,-0.92948532,0.36465782,-0.05304278,
p, 14387,-0.06691326,0.04802056,0.00155850,0.01501697,-0.93092406,0.36103085,-0.05266029,
p, 14397,-0.06433279,0.03908596,0.00199995,0.01514463,-0.93228030,0.35756904,-0.05229979,
p, 14407,-0.07035151,0.04076796,-0.00262399,0.01524905,-0.93357027,0.35424152,-0.05193700,
p, 14417,-0.06966062,0.04240241,-0.00245640,0.01534805,-0.93479276,0.35105756,-0.05156558,
u, 14418,,,,,,,,-0.00000000,-0.00000000
p, 14427,-0.07029174,0.04748447,-0.00035845,0.01547256,-0.93654799,0.34640396,-0.05103441,
p, 14438,-0.06646453,0.05008654,-0.00904458,0.01557180,-0.93799180,0.34253788,-0.05060012,
p, 14449,-0.06822830,0.03856255,-0.00554463,0.01568242,-0.93927479,0.33906057,-0.05022726,
p, 14459,-0.06205299,0.03752316,-0.00400828,0.01577509,-0.94043720,0.33587599,-0.04988623,
p, 14469,-0.06067432,0.03952879,-0.00101232,0.01585798,-0.94151872,0.33288425,-0.04954777,
p, 14479,-0.06753046,0.04131743,-0.00509905,0.01592464,-0.94254196,0.33002934,-0.04919691,
p, 14489,-0.05878201,0.03862594,-0.00052011,0.01598073,-0.94350868,0.32730457,-0.04887255,
p, 14499,-0.06075545,0.03918754,0.00011379,0.01608313,-0.94490242,0.32331389,-0.04838592,
p, 14509,-0.06174216,0.03946834,0.00043073,0.01613433,-0.94559926,0.32131857,-0.04814260,
u, 14518,,,,,,,,-0.00000000,-0.00000000
p, 14520,-0.06080883,0.04854277,0.00260337,0.01620131,-0.94684279,0.31768867,-0.04770722,
p, 14530,-0.05434545,0.04274215,0.00617687,0.01626358,-0.94830930,0.31334108,-0.04721230,
p, 14540,-0.05527942,0.03747673,0.00604101,0.01631203,-0.94944912,0.30993453,-0.04680932,
p, 14551,-0.06038507,0.03491268,0.00063250,0.01634853,-0.95041436,0.30702418,-0.04644379,
p, 14562,-0.06077878,0.03639250,0.00136911,0.01637582,-0.95128191,0.30438125,-0.04611493,